"n_buildings_acre","TotalAssessedValue_acre","LandAssessedValue_acre","ImprovementAssessedValue_acre","white_acs","black_acs","med_hh_inc_acs","occupied_acs","med_rent_inc_pct_acs","mean_price","LotSizeAcres_MEAN","sqfeet_MEAN","TotalBedrooms_MEAN","in_cbrs","barrier","region_id"
0.0487122659286366,3197.2498388086,258.401671703899,2938.8481671047,0.981764679788769,0.00100017288594338,80349.4170973253,0.616454937255611,29.5,NA,1.3144,3061.5,3.75,0,0,"10368"
9.94804382288819e-05,0,0,0,0.917745332335258,0.041282162638507,53768.1762543728,0.885916985685697,43.516329143096,NA,NA,NA,NA,0,0,"10501"
0,0,0,0,0.954621848739496,0,49655,0.860335195530726,41.6,NA,NA,NA,NA,0,0,"10584"
0.000720595447648247,134.04009951464,103.66996012862,30.3701393860205,0.954621848739496,0,49655,0.860335195530726,41.6,3900000,758.43,2869,4.5,0,0,"10713"
0.107679706949442,50401.7368231996,8455.75443517191,41945.9823880277,0.929357022514269,0.00504658490005852,88075.7599914421,0.426818337603116,31.1894849956863,375079.243243243,2.03425263157895,1773.68918918919,2.62264150943396,0,0,"10859"
0,0,0,0,0.785006152774793,0.131066762112134,151363.898527878,0.932903401896593,NA,NA,NA,NA,NA,0,0,"10928"
0.264973069439275,87773.4188753434,14738.4379503741,73034.9809249693,0.974791879382303,0,47416.1273608798,0.313735867675232,38.15,549927.64516129,1.25426373626374,2455.515625,3.68421052631579,0,0,"10963"
0.0672154107774809,0,0,0,0.502752839635756,0.449440423586647,42504.5199697836,0.820447555200041,36.3693388653713,163999.8,NA,NA,NA,0,0,"1117"
0.246059172473584,0,0,0,0.981541968540308,0,96245.2173471792,0.137579509520563,19.6,NA,NA,NA,NA,0,0,"1208"
0.4496517308,228541.22391537,0,0,1,0,55656,0.319520174482007,NA,178638.888888889,0.253026315789474,3412.37931034483,NA,0,0,"121418"
0.218402026269729,90101.5472087373,0,0,0.982698961937716,0.00576701268742791,65000,0.374295377677565,22.5,212991.666666667,0.316541666666667,2345.54545454545,NA,0,0,"121530"
0.18735479888752,460445.464577447,0,0,0.976595074370409,0.00962542348387248,58633.0867637521,0.836495863077037,46.7405049045366,620664.666666667,0.316404761904762,5324.27380952381,NA,0,0,"121664"
0.625424476905292,392400.887680661,0,0,0.870414369075903,0.0120640820547749,52955.3040321202,0.881639441634451,37.9481182910033,335363.757575758,0.583848484848485,4376.78571428571,3.5327868852459,0,0,"121736"
0.0382203836771039,9667.4929543696,0,0,0.985709451903273,0.00412402202265342,43455.8017425782,0.217470787087835,22.5,177875,0.2777,2588.9,NA,0,0,"121819"
0.0122632224536084,0,0,0,0.986842105263158,0,128869,0.254217568353694,14.4,NA,NA,NA,NA,0,0,"121845"
0.414573050204351,0,0,0,0.363555642393395,0.567179392062856,45954.5505971395,0.844034031635473,45.4351341798251,72182.905982906,NA,NA,NA,0,0,"1219"
0.0883797894077629,15874.7112176561,0,0,0.985645933014354,0.0143540669856459,108661,0.46551724137931,NA,203668.75,1.54455357142857,3404.16666666667,2.52083333333333,0,0,"121978"
0.00642359232985204,0,0,0,0.639414802065404,0.261044176706827,75847,0.900195694716243,24.5,671000,NA,NA,NA,0,0,"1220"
0.00132250453053545,0,0,0,0.808270676691729,0.075187969924812,78333,0.776978417266187,43,NA,NA,NA,NA,0,0,"122001"
0.0254802489644848,10053.5244867599,0,0,0.564077409020669,0.308567083616669,39604.4918224373,0.537639627559438,24.5576145290324,181304.391304348,1.18,3277.91666666667,2.77777777777778,0,0,"122018"
0,0,0,0,0.800756620428752,0.0504413619167718,69417,0.343888070692194,31.7,NA,NA,NA,NA,0,0,"122070"
0.338561110836812,43654.3820744914,0,0,0.836274657499085,0.0372257163073912,45309.1122836883,0.695451197789699,28.7324705250086,81615.3846153846,4.14393939393939,2629.57142857143,2.56666666666667,0,0,"122143"
0.221759981293882,541623.622897822,0,0,0.680454538948733,0.14706865633918,56807.5608270032,0.830061755523106,32.299325708104,452818.653846154,0.504255952380952,4346.22360248447,3.52173913043478,0,0,"122196"
0.115345329858364,50427.1038843636,0,0,0.968468752229325,0.0150537685552025,90877.9817221765,0.522690988381686,NA,237136.666666667,0.659707070707071,3345.10843373494,2.4625,0,0,"122241"
0.461610337764379,0,0,0,0.974650709838199,0,93342.8574717207,0.161753292802802,25.7291584085105,607000,NA,NA,NA,0,0,"1223"
0.110683490668929,42696.9841631872,0,0,0.999996663093854,1.66845307278444e-06,46664.9347974108,0.533019555184462,23.349066624442,189339.550724638,2.74169230769231,1424.01234567901,2.2962962962963,0,0,"122327"
0,0,0,0,0.929268292682927,0.0642276422764228,33004,0.782537067545305,21.8,NA,NA,NA,NA,0,0,"122334"
0.0457359904767334,19271.210415696,0,0,0.925071736205158,0.0392986619187428,55871.9590569893,0.695552476851717,31.8623627882805,200235.905882353,0.948124590163934,1753.97552447552,2.40284360189573,0,0,"122363"
0.0181438344265013,2785.00314516212,0,0,0.91563108884784,0.0843689111521601,33188.1280704572,0.637279178114097,51,339781.818181818,11.0677894736842,4954.64285714286,2.58333333333333,0,0,"122371"
0.203526543667704,1858626.54656226,0,0,0.803448978533173,0.0231671957241239,63446.6479480032,0.772406821045589,30.2894013268369,286642.857142857,1.53078260869565,2324.33123028391,NA,0,0,"122403"
0.0238877370475694,5855.1060251366,0,0,0.912188548648318,0.0560612315347347,52093.2038554898,0.8004716791153,30.3393157415457,190368.666666667,2.6675,3134.42857142857,3,0,0,"122416"
0.112412897870716,369035.436858624,0,0,0.96945839350888,0,54933.5849038631,0.549243074542245,35.1868365804656,279600,2.06611111111111,1207.28409090909,1.95402298850575,0,0,"122534"
0,21.8952231710954,0,0,0.993265993265993,0,24931,0.107536764705882,NA,NA,5.1855,1672,NA,0,0,"122574"
0.0809372705177844,2215.24908616246,0,0,0.97133756616162,0.016653170819626,39792,0.280720067470337,25.8,68380.6666666667,0.262611111111111,1439.85714285714,2.16666666666667,0,0,"122618"
0.143326518233373,173746.302434686,0,0,0.979541709326468,0,51584.6203919808,0.753746578617582,NA,266838.461538462,0.4196,1317.57142857143,2.40594059405941,0,0,"122650"
0.00529001819668672,6133.6336564557,1874.87778460588,1475.92045246969,0.978697912382284,0.0204324453276459,31548,0.529766986604031,38.5,263107.538461538,23.7966582278481,2889.66101694915,2,0,0,"122692"
0.466002618138786,2712797.09688725,0,0,0.949672687627511,0.0125428157162728,75394.5069258802,0.627256427134152,28.3805195390493,914662.321428571,0.263471153846154,3928.86138613861,NA,0,1,"122713"
0.0795537080635597,6461.72477157858,2086.51625647724,4375.20851510134,0.6083683593174,0.332955341848772,47082.5710693319,0.795383016115305,NA,87555.5555555556,1.06470588235294,1339.8125,NA,0,0,"122721"
0.961982043540374,3780969.45595477,0,0,0.938031472151977,0.00719748594568097,81601.2912663906,0.592360657179705,26.9153787003459,507770.076115486,0.289396021699819,1739.28783934548,NA,0,0,"122867"
0.0167942148372915,19660.4687651296,0,0,0.91896555689324,0.00795441595198527,58846.9020401236,0.620358081893821,42.6466219151161,153564.84375,21.7532962962963,3529.9880952381,2.60759493670886,0,0,"122893"
0.0951185876079769,43639.2969313636,0,0,1,0,108864,0.225325884543762,NA,189663.636363636,0.34131884057971,1992.10256410256,2.64705882352941,0,0,"122903"
0.219375438918247,130854.693141817,0,0,0.808607524108277,0.0480260866596541,40995.1459507963,0.79262572164506,42.1669465163592,160713.555555556,1.23194871794872,2499.5672823219,3.07894736842105,0,0,"122917"
0.536936971226331,242358.512918018,0,0,1,0,108864,0.225325884543762,NA,274257.142857143,0.335186440677966,2168.35877862595,2.95774647887324,0,0,"122961"
0.164589396494063,52290.2426178559,0,0,0.928716195587739,0.0122859461737121,49327.593139316,0.592201214822797,37.4997142501165,201634.538043478,0.772361502347418,3171.98888888889,NA,0,0,"122962"
0.0269790787531448,0,0,0,0.70889063729347,0.040125885129819,38889,0.884086444007859,28.6,NA,NA,NA,NA,0,0,"122973"
0.0598789914747608,0,0,0,0.967792010060157,0,88308.1597123047,0.867113039742503,51,300685.222222222,NA,NA,NA,0,0,"1230"
0,0,0,0,0.930495040040998,0.0630966487108566,32962.2750017567,0.772783478821193,22.2785765595219,NA,NA,NA,NA,0,0,"123019"
0.318971543424905,348162.91492015,0,0,0.803886620405153,0.0394837376445202,52479.6654174909,0.770040078701991,30.3733334948232,447855.091954023,1.7383768115942,2278.39726027397,NA,0,0,"123021"
0.0368566893098724,8982.7885485438,4917.41951126866,4065.36903727514,1,0,31538,0.307955517536356,NA,146421.5,2.90592592592593,1273.05172413793,NA,0,0,"123024"
0.0323749101412788,0,0,0,0.956133225020309,0,59292,0.626923076923077,19.5,NA,NA,NA,NA,0,0,"123055"
0.0674477216157788,24511.4038712416,0,0,0.953005464480874,0,11811,0.833333333333333,NA,138176.470588235,0.488932038834951,1265.4375,2.3298969072165,0,0,"123076"
0.0125484134474328,10551.0281020166,0,0,0.758110633106705,0.186641350609338,63775.9711218258,0.74126346181898,33.9503754718163,NA,NA,3099.85714285714,3.2,0,0,"123084"
0.0269790959384999,0,0,0,0.65637179327028,0.00662543803246614,63223.1230628189,0.898965515717033,35.5,NA,NA,NA,NA,0,0,"1231"
0.0134895451197349,4716.46243756761,0,0,0.96733584115833,2.56415256443513e-05,57730.8378130529,0.591536275744967,19.2011243563499,62333.8235294118,2.52912222222222,2555.0625,2.5625,0,0,"123100"
0.309234004025899,3738711.68662164,0,0,0.923993104269084,0.0441717053299734,72450.0181507663,0.684339338034655,37.0581750987261,2100219.34951456,1.10909967845659,3209.08505367465,2.59393428812131,0,0,"123125"
0.000502403916130686,43.3400349310806,31.6226032120126,11.717431719068,0.807908879858994,0.185487090599536,45049.3301728195,0.832883208332732,32.6,NA,18.0466666666667,788,NA,0,0,"123153"
0.375458993785794,2456152.9795288,0,0,0.99181020596457,0,62751.1817504644,0.370758773567142,NA,1659646.7260274,0.414637168141593,3484.88571428571,3.0047619047619,0,0,"123184"
0.0593540094185356,7416.57036260872,0,0,0.95006305376242,0.00840727495232065,71398.8651185728,0.449984676652481,20.5907475394572,135555.555555556,2.73430508474576,2948.03773584906,2.56603773584906,0,0,"123232"
0.0046838704009718,0,0,0,0.91875,0.0214285714285714,67159,0.269827204253434,24.8,NA,NA,NA,NA,0,0,"123243"
0.00342295292964379,151.505584748053,0,0,0.899044205495818,0.0268817204301075,38977,0.634429400386847,20.4,16000,2.42625,1838.8,3,0,0,"123269"
0.0116576324823039,3239.29616748821,1721.18715384348,1492.47631038735,0.954247684853111,0.0453033371700405,31635.8434152935,0.639526306240627,37.4924553328292,189491.891891892,11.7175,2950.76363636364,3,0,0,"123289"
0.955508974315369,105476.587730866,0,0,0.937504430911878,0.00540922935171445,56940.3802145001,0.797679833439853,31.8638224624103,236855.096153846,2.37148717948718,1808.47826086957,2.22360248447205,0,0,"123339"
0.0509039447194193,39974.4810759626,0,0,0.966848552175537,0.00468125660545801,64994.0299315614,0.653978886615455,43.5408608449893,190537.064516129,0.33881847133758,2703.92857142857,2.77777777777778,0,0,"123350"
0.00148236786918538,782.303542697831,249.136606482223,533.166936215608,0.96668710029295,0.023286230127532,57585.5999212343,0.44414327406036,22.3377897219922,235050,14.955,5038.25,NA,0,0,"123363"
0.0630761222960495,61656.2104217967,0,0,0.859067064484689,0.0704954146956243,91641.2785109493,0.823405237945308,36.6785272793265,524472.583333333,3.60269565217391,3584.625,NA,0,0,"123382"
0.319252618189023,357709.095729423,0,0,0.886967781513807,0.0107432340187416,92242.2268415063,0.688822192569188,27.9655262686332,295454.323453608,0.332060957910014,3002.80100334448,3.27777777777778,0,0,"123391"
0,0,0,0,0.913520097442144,0.0864799025578563,72765.5,0.395189003436426,51,NA,NA,NA,NA,0,0,"123396"
0.000161745161122737,0,0,0,1,0,55656,0.319520174482007,NA,NA,NA,NA,NA,0,0,"123397"
0.0622594390131151,0,0,0,0.718629343629344,0.159749034749035,66116,0.751277683134583,29.1,NA,NA,NA,NA,0,0,"123427"
0.0166901229015918,11263.3520421925,0,0,0.916972653062776,0.0284568926725195,52604.8415917563,0.790441140574106,27.5821606044643,304558.403508772,3.29207486631016,3895.52713178295,3.51136363636364,0,0,"123453"
0.0166175583682266,22149.909052407,0,0,0.931014621007496,0,53248.1328751369,0.899648423961999,18.9,141129.46875,1.98974285714286,2714.18421052632,2.72727272727273,0,0,"123464"
0.149883869819986,36182.9509756616,0,0,0.971130512559859,0.0149453434355995,94328.2247058183,0.511912575961531,NA,192204.361702128,0.448542553191489,4085.26315789474,2.68918918918919,0,0,"123480"
0.101587919791082,38576.601594118,0,0,0.812429955761033,0.0969499109376183,50764.2288336846,0.742144174939032,40.5277094849132,55000,1.58926666666667,2218.9,1.91891891891892,0,0,"123483"
0.115110831576492,38807.4496462522,0,0,1,0,108864,0.225325884543762,NA,230871.428571429,2.15310204081633,2532.54716981132,3.2,0,0,"123544"
0.116642266289438,59079.0389756468,0,0,0.746772965897888,0.0583083299282706,74775.4917773559,0.881422971082701,27.6391935782993,304985.131147541,3.13945945945946,3463.95435684647,2.91525423728814,0,0,"123560"
0.134895503639651,196043.740958348,0,0,0.77846277923487,0.148457405380542,37371.0010882573,0.78170688437091,39.408538379471,NA,0.318,NA,NA,0,0,"123630"
0.0899305599007751,698358.638389001,0,0,0.912638739706409,0.0128893662728249,57078,0.494578523959426,27.8,NA,1.17433333333333,146717,NA,0,0,"123633"
0.134895529844912,715518.155211685,0,0,0.90713671539123,0.0154772141014617,38281,0.488228004956629,36.7,5500000,0.561666666666667,49212,NA,0,0,"123635"
0.19110190781185,227471.579825693,0,0,1,0,55656,0.319520174482007,NA,287500,0.304333333333333,4458.2,NA,0,0,"12394"
0.131436569532649,0,0,0,0.947169867803129,0,57162.932198708,0.845581347500562,41.8048357306395,125000,NA,NA,NA,0,0,"1242"
0.247308235108051,781910.930257608,0,0,0.914247919544159,0.0104717232236865,118198.668945985,0.833072933570172,27.868798602272,874965.384615385,0.234375,3319.14583333333,3.25,0,0,"124237"
0.129293247219053,0,0,0,0.941059198715275,0.0370054745436724,58750.5930112143,0.769267217205709,28.0160894707833,160966.978723404,NA,NA,NA,0,0,"1255"
0,0,0,0,0.339060710194731,0.607101947308133,NA,1,32,NA,NA,NA,NA,0,0,"125543"
0.891808885472663,492749.591916298,0,0,0.955644117286559,0.0158845689910852,87500.2426659643,0.817163301418891,33.685290028752,487757.080675422,0.508143584521385,3917.22529069767,3.38095238095238,0,0,"125553"
0.0954523625936137,81228.0825570341,0,0,0.942204863527826,0.0233105405036846,41165.5840153021,0.793307136304158,41.5588865686243,492622.651162791,0.352034188034188,1771.75438596491,2.6036036036036,0,0,"125788"
0.193912190527923,1966266.35569868,0,0,0.909302285278712,0.0415587959618881,95376.6161665707,0.795673301204759,34.726489812935,1549772.675,0.565703125,1940.60233918129,1.57926829268293,0,0,"125846"
0.0335739810491481,15149.7269171758,8116.09198961314,7033.63492756267,0.856482544943103,0.00898409836886576,93623.1945351181,0.854756647751646,23.9995566633339,938868.5,4.19289473684211,6103.02857142857,3.6,0,0,"125872"
0.264170358056095,944400.92453056,0,0,0.95347249394537,0.00581872781216884,66209.7508115877,0.636450641993723,28.5801258862317,1026620.24489796,0.405569620253165,3588.92134831461,3.09574468085106,0,0,"125883"
0,0,0,0,0.985645933014354,0.0143540669856459,108661,0.46551724137931,NA,NA,NA,NA,NA,0,0,"12607"
0,0,0,0,0.411764705882353,0.588235294117647,NA,1,NA,NA,NA,NA,NA,0,0,"126240"
0.112412871631393,90156.7947936029,73308.1184866853,20553.904033652,0.919755983106523,0,116125,0.858576642335766,9,502188.888888889,0.276511627906977,3416.3488372093,3.46341463414634,0,0,"126300"
0.0963539541728479,272848.780757121,168704.047827565,104144.732929556,0.999717658371565,0,19612.3356170892,0.743863003282803,38.25,439638.75,0.538,3134.16666666667,2.81818181818182,0,0,"126377"
0.00549574118709345,5756.25544858626,0,0,0.964735516372796,0.035264483627204,67750,0.970223325062035,NA,696300,2.49077777777778,7060,3.71428571428571,0,0,"126487"
0.754772066662245,359475.887601991,0,0,0.834836220904172,1.73519508442376e-06,104624.816265452,0.531695866866181,18.9000175578908,302820.921052632,0.148756862745098,2078.4641350211,2.23931623931624,0,1,"126546"
0.177017985568064,0,0,0,0.966883658106363,0.0011111853672774,77519.6204896144,0.472515970202189,22.963040219474,705610,NA,NA,NA,0,0,"1267"
0.367215375431188,850153.36362063,0,0,0.974051046634189,0,57620.2220907192,0.434609149502818,40.6924567946072,316744.74691358,0.30765690376569,1725.48850574713,2.05087209302326,0,0,"126764"
0.00335560835856394,0,0,0,NA,NA,NA,NA,NA,NA,NA,NA,NA,0,0,"126773"
0.387824143161497,566351.329134403,0,0,0.970802919708029,0,87589,0.443881245474294,NA,408169.677419355,0.880086956521739,1412.8253968254,2.28040540540541,0,0,"126816"
0.00385894963871369,0,0,0,0.477613720723994,0.259247754829254,30717,0.971826037240799,31.5,NA,NA,NA,NA,0,0,"126837"
0.000946634774798918,19.6016484971021,0,0,0.964380919679322,0.0192661421461443,88373.2483574917,0.440952787526514,32.8,NA,0.2,1776,NA,0,0,"126843"
0.0297091142950081,0,0,0,NA,NA,NA,NA,NA,NA,NA,NA,NA,0,0,"126860"
0.150508316787618,245199.3613873,0,0,0.942965747466571,0.0209002567553634,83977.4196948871,0.667969962572719,30.4025047261668,934191.824817518,4.24748743718593,3802.43051771117,2.86813186813187,0,0,"126861"
0.0224825834682829,0,0,0,NA,NA,NA,NA,NA,NA,NA,NA,NA,0,0,"126887"
0.238957659585785,50519.2189682893,30079.59273816,25002.0017293469,0.835699390956796,0.00652068208781202,70965.5301510604,0.942862446400934,46.8,233524.271428571,1.86685897435897,2853.4609375,2.90625,0,0,"126918"
0.404686522146678,366980.552738445,0,0,0.970762935828966,0.0286240064031407,108532.300827706,0.639148258987163,NA,484125.279279279,1.14919540229885,2016.33121019108,2.66666666666667,0,0,"127022"
2.1108407295502,1843334.31719635,0,0,0.646029717812939,0.257948811678787,66368.7196145051,0.776321865659995,35.2531519674541,566594.186575053,0.280433844055661,2392.02250084876,2.33583949602849,0,0,"127090"
0.170961271637229,0,0,0,0.910603829227962,0.0670598358409809,95851.3093253527,0.904937989570784,42.6249526716095,255751.720930233,NA,NA,NA,0,0,"1289"
0.0512103092069643,0,0,0,0.818023018733504,0.00339411902969904,106349.019685307,0.896887575235735,35.5,NA,NA,NA,NA,0,0,"1294"
0,0,0,0,0.826642335766423,0.0754257907542579,93000,0.847328244274809,41.9,NA,NA,NA,NA,0,0,"131241"
0,0,0,0,0.693408134642356,0.103786816269285,137563,0.873970345963756,28.4,NA,NA,NA,NA,0,0,"131829"
0,0,0,0,0.894736842105263,0,93733,1,NA,NA,NA,NA,NA,0,0,"132065"
0,0,0,0,0.620347394540943,0.011166253101737,83906,0.830028328611898,NA,NA,NA,NA,NA,0,0,"134741"
0,0,0,0,0.759994319289911,0.192171401829065,82766.3207571977,0.921249535285012,29.9251612028474,NA,NA,NA,NA,0,0,"134852"
0.0168619377200571,0,0,0,0.786516853932584,0.13868378812199,42132,0.843110504774898,31.1,NA,NA,NA,NA,0,0,"136250"
0.00219342225370834,87.6662567703734,8.38602763709699,79.2802291332764,0.904636920384952,0.031496062992126,75344,0.831530139103555,NA,NA,2.25,NA,2.5,0,0,"136438"
0,0,0,0,0.801385681293303,0.198614318706697,108364,0.664914586070959,NA,NA,NA,NA,NA,0,0,"13970"
0.00674477040560661,0,0,0,0.371059013742926,0.56911883589329,22614,0.735824742268041,24.4,695000,NA,NA,NA,0,0,"154"
0,0,0,0,0.682916307161346,0.212683347713546,81169,0.866053169734151,27.3,NA,NA,NA,NA,0,0,"2211807"
0,0,0,0,0.682916307161346,0.212683347713546,81169,0.866053169734151,27.3,NA,NA,NA,NA,0,0,"2218789"
0,0,0,0,0.743657042869641,0.201224846894138,NA,0.806146572104019,NA,NA,NA,NA,NA,0,0,"2219707"
0,0,0,0,0.682916307161346,0.212683347713546,81169,0.866053169734151,27.3,NA,NA,NA,NA,0,0,"2219824"
0,0,0,0,0.682916307161346,0.212683347713546,81169,0.866053169734151,27.3,NA,NA,NA,NA,0,0,"2222603"
0,0,0,0,0.915437561455261,0.0491642084562439,35250,0.643322475570033,14.8,NA,NA,NA,NA,0,0,"2225012"
0,0,0,0,0.915437561455261,0.0491642084562439,35250,0.643322475570033,14.8,NA,NA,NA,NA,0,0,"2225292"
0,0,0,0,0.702976018491765,0.208899162091881,81169,0.84796573875803,27.3,NA,NA,NA,NA,0,0,"2225509"
0,0,0,0,0.682916307161346,0.212683347713546,81169,0.866053169734151,27.3,NA,NA,NA,NA,0,0,"2229889"
0.0028103219027568,10.7477111097461,0,10.7477111097461,0.915437561455261,0.0491642084562439,35250,0.643322475570033,14.8,NA,NA,NA,NA,0,0,"2230734"
0,0,0,0,0.898520084566596,0.101479915433404,66289,1,22.5,NA,NA,NA,NA,0,0,"2230840"
0,0,0,0,0.743657042869641,0.201224846894138,NA,0.806146572104019,NA,NA,NA,NA,NA,0,0,"226673"
0,0,0,0,0.199175824175824,0.755494505494505,27708,0.459110473457676,NA,NA,NA,NA,NA,0,0,"229893"
0,0,0,0,0.980707395498392,0,59688,0.511210762331839,19.2,NA,NA,NA,NA,0,0,"231008"
0.0112412929378724,0,0,0,0.971643035863219,0.0133444537114262,47969,0.633587786259542,39.7,NA,NA,NA,NA,0,0,"2310182"
0,0,0,0,0.980707395498392,0,59688,0.511210762331839,19.2,NA,NA,NA,NA,0,0,"231025"
0,0,0,0,0.913416763282666,0.0347934584235714,56626.5057109388,0.546509484544075,20.0521057663391,NA,NA,NA,NA,0,0,"2310320"
0.0449651869458003,48313.8671891043,19529.1486380383,28784.718551066,0.976764199655766,0.00172117039586919,51471,0.568443051201672,29,NA,1.61,2662,3,0,0,"231037"
0,0,0,0,0.980707395498392,0,59688,0.511210762331839,19.2,NA,NA,NA,NA,0,0,"231040"
0.179860890598724,0,0,0,0.960624071322437,0,37250,0.704545454545455,37.8,NA,NA,NA,NA,0,0,"231042"
0,0,0,0,1,0,67614,0.407590759075908,NA,NA,NA,NA,NA,0,0,"2310585"
0.0299768144910111,276426.272164831,111245.682306015,165180.589858816,0.976023976023976,0.000999000999000999,54471,0.426548672566372,23.7,NA,7.37,NA,NA,0,0,"2310680"
0,17692.0734638415,9023.50737559588,8668.56608824557,0.976764199655766,0.00172117039586919,51471,0.568443051201672,29,NA,6.85,1563,2,0,0,"2310756"
0,0,0,0,0.925595238095238,0.0109126984126984,49130,0.59304084720121,29.2,NA,NA,NA,NA,0,0,"2310919"
0,0,0,0,0.980707395498392,0,59688,0.511210762331839,19.2,NA,NA,NA,NA,0,0,"231095"
0,0,0,0,0.851250845165652,0.0669371196754564,52143,0.581162324649299,21.3,NA,NA,NA,NA,0,0,"2311028"
0,0,0,0,0.925595238095238,0.0109126984126984,49130,0.59304084720121,29.2,NA,NA,NA,NA,0,0,"2311087"
0.0149883772383211,0,0,0,0.925595238095238,0.0109126984126984,49130,0.59304084720121,29.2,NA,NA,NA,NA,0,0,"2311112"
0,30382.0316525494,21930.5175197918,8451.51413275757,0.964668094218415,0,69412,0.458333333333333,25.6,NA,21,NA,NA,0,0,"2311153"
0,0,0,0,0.937758101964067,0.00821700672885761,32566.7539540406,0.72688497890194,31.6824564685379,NA,NA,NA,NA,0,0,"2311282"
0,0,0,0,0.968102073365231,0.000797448165869219,44360.5,0.631901840490798,33.4,NA,NA,NA,NA,0,0,"2311475"
0,0,0,0,0.973434748440842,0.00927788139439406,49219.3093263852,0.604408863554507,35.8798087400568,NA,NA,NA,NA,0,0,"2311500"
0.0674477313558079,0,0,0,0.980707395498392,0,59688,0.511210762331839,19.2,NA,NA,NA,NA,0,0,"2311512"
0.0674476420716633,298338.821474516,127644.494449342,170694.327025174,0.971657267134607,0.0144540357319831,138825.339795187,0.912731734107553,22.5,NA,2.5,14158,3,0,0,"2311537"
0,0,0,0,0.960624071322437,0,37250,0.704545454545455,37.8,NA,NA,NA,NA,0,0,"2311653"
0,0,0,0,0.954022988505747,0,51250,0.584323040380047,34.6,NA,NA,NA,NA,0,0,"2311706"
0.0786890604971587,452316.374727971,219174.61960084,233141.755127131,0.975392670157068,0,102879.5,0.821621621621622,43.65,NA,0.704615384615385,4313.66666666667,2.75,0,0,"2312102"
0,0,0,0,0.972435976204423,0.0115447514149358,48525.7562894915,0.619489150431187,37.9988885500972,NA,NA,NA,NA,0,0,"2312177"
0.0224825662234438,11614.72781245,6152.9311107555,5461.79670169449,0.954128440366973,0.000834028356964137,51667,0.610404624277457,23.1,NA,3.5,NA,NA,0,0,"2312284"
0.0899302896153493,50068.545537652,27295.442187644,22773.103350008,0.99109131403118,0,74375,0.343416370106762,25.3,NA,11.5285714285714,NA,NA,0,1,"2312367"
0.0149883830103481,2182.37879622673,2182.37879622673,0,0.960624071322437,0,37250,0.704545454545455,37.8,NA,14.6,NA,NA,0,0,"2312447"
0.0899303236553505,0,0,0,0.960624071322437,0,37250,0.704545454545455,37.8,NA,NA,NA,NA,0,0,"231249"
0.0674477230784809,0,0,0,0.954128440366973,0.000834028356964137,51667,0.610404624277457,23.1,NA,NA,NA,NA,0,0,"2312618"
0,0,0,0,0.871698113207547,0.0924528301886792,34279,0.777777777777778,51,NA,NA,NA,NA,0,0,"2312661"
0,0,0,0,0.954128440366973,0.000834028356964137,51667,0.610404624277457,23.1,NA,NA,NA,NA,0,0,"2312676"
0.0899303468354318,32350.2419423858,11555.0915893486,20795.1503530372,0.960624071322437,0,37250,0.704545454545455,37.8,NA,2.14,1607,3.5,0,0,"231284"
0.0224825639345666,0,0,0,0.980707395498392,0,59688,0.511210762331839,19.2,NA,NA,NA,NA,0,0,"2313084"
0,0,0,0,0.97592212426768,0.00163137214896986,50825.8752253051,0.573867703108694,29.3992052610446,NA,NA,NA,NA,0,0,"2313088"
0,0,0,0,0.925595238095238,0.0109126984126984,49130,0.59304084720121,29.2,NA,NA,NA,NA,0,0,"2313176"
0.0449651879336398,0,0,0,0.851250845165652,0.0669371196754564,52143,0.581162324649299,21.3,NA,NA,NA,NA,0,0,"231322"
0,0,0,0,0.980707395498392,0,59688,0.511210762331839,19.2,NA,NA,NA,NA,0,0,"2313370"
0.0149883819037771,0,0,0,0.954128440366973,0.000834028356964137,51667,0.610404624277457,23.1,NA,NA,NA,NA,0,0,"2313584"
0,0,0,0,0.899618099830475,0.00968189259397191,71249.3394160472,0.751630163174867,30.6850673853505,NA,NA,NA,NA,0,0,"2313653"
0,0,0,0,0.960624071322437,0,37250,0.704545454545455,37.8,NA,NA,NA,NA,0,0,"2313671"
0,0,0,0,0.954128440366973,0.000834028356964137,51667,0.610404624277457,23.1,NA,NA,NA,NA,0,0,"2313683"
0,0,0,0,0.980707395498392,0,59688,0.511210762331839,19.2,NA,NA,NA,NA,0,0,"2313835"
0,3367.45498987734,994.694896326998,2372.76009355034,0.980707395498392,0,59688,0.511210762331839,19.2,NA,55.215,NA,NA,0,0,"2313956"
0,0,0,0,0.931714576656687,0.00489663982697032,50307.7395110037,0.725552676422815,49.1492784303663,NA,NA,NA,NA,0,0,"2314039"
0.0449651498409013,0,0,0,1,0,67614,0.407590759075908,NA,NA,NA,NA,NA,0,0,"2314181"
0,0,0,0,1,0,67614,0.407590759075908,NA,NA,NA,NA,NA,0,0,"2314411"
0,0,0,0,0.91407008358127,0.034455651036447,56663.2030913462,0.54615604887068,20.0418917837207,NA,NA,NA,NA,0,0,"2314940"
0.0674476956449984,8043.71127376425,3440.55762251795,4603.1536512463,0.976764199655766,0.00172117039586919,51471,0.568443051201672,29,NA,2.4,1288,3,0,0,"2314996"
0.0112412869231278,0,0,0,0.992414578736351,0,83932.6122805613,0.76871094904004,19.2,NA,NA,NA,NA,0,0,"2315019"
0,0,0,0,0.980707395498392,0,59688,0.511210762331839,19.2,NA,NA,NA,NA,0,0,"2315289"
0.0149883840872425,0,0,0,1,0,118160,0.424501424501425,NA,NA,NA,NA,NA,0,0,"2315447"
0,0,0,0,0.961432506887052,0,54306,0.577105014191107,26.3,NA,NA,NA,NA,0,0,"2315592"
0,0,0,0,0.982242990654206,0,61875,1,19.2,NA,NA,NA,NA,0,0,"2315714"
0.00449651519149461,37653.0508959768,10262.086279722,27390.9646162548,0.940399384401309,0,68874.7251906205,0.926916569101919,36.7487001434751,NA,2.2,5136,3,0,0,"2315770"
0.0179860605450806,110456.307940051,47397.6146506519,63058.6932893991,0.908077880473178,0.00042305936965687,56334.481613731,0.744267618846814,20.8143579051141,NA,2.3,5097,3,0,0,"2315778"
0.20983710259225,77838.3333594068,47795.8673689195,30042.4659904872,0.961408259986459,0.000677048070412999,57784,0.662955465587045,19.6,NA,1.69428571428571,NA,NA,0,0,"2315799"
0.0224825831326923,0,0,0,0.988831615120275,0,63942.5,0.61251372118551,28.4,NA,NA,NA,NA,0,0,"2316154"
0.104918623573459,19093.3539252029,10586.3535056138,8507.00041958913,0.995045417010735,0.00495458298926507,54028,0.477140482128013,32.6,NA,6.3,1279,NA,0,1,"2316222"
0.0224825855647547,44285.738105457,23569.4627974255,20716.2753080314,1,0,47646,0.687,17.9,NA,1.04,3651.5,3,0,0,"2316461"
0.224825766908903,74246.2251620488,53916.7714889425,20329.4536731062,0.963072378138848,0,50625,0.404761904761905,32.5,NA,0.95,753,3.33333333333333,0,0,"2316505"
0.0224825844616824,6486.78324141614,3850.25263150093,2636.53060991521,0.960624071322437,0,37250,0.704545454545455,37.8,NA,4,NA,2,0,0,"2316543"
0,0,0,0,0.960624071322437,0,37250,0.704545454545455,37.8,NA,NA,NA,NA,0,0,"2316650"
0,13977.6878793164,13977.6878793164,0,0.954128440366973,0.000834028356964137,51667,0.610404624277457,23.1,NA,2.2,NA,NA,0,0,"2317099"
0.0299767685910839,66790.5468360326,36642.8871632546,30147.659672778,0.960624071322437,0,37250,0.704545454545455,37.8,NA,1.59333333333333,1555,3,0,0,"2317304"
0.0112412848248988,18416.4035936928,10679.8322209999,7736.57137269286,1,0,NA,0.829888712241653,37.4,NA,0.3,864,2,0,0,"2317567"
0.0449651764401214,11710.2615082056,6649.81118314571,5060.4503250599,0.968102073365231,0.000797448165869219,44360.5,0.631901840490798,33.4,NA,2.4,1680,3,0,0,"2317733"
0,0,0,0,0.954022988505747,0,51250,0.584323040380047,34.6,NA,NA,NA,NA,0,0,"2317810"
0.149883814465165,182918.993043522,147980.533566494,34938.4594770272,0.995254217504701,0,75882,0.319521440119335,29.7,NA,0.39,3273.5,3,0,0,"2317831"
0.0179860608078004,0,0,0,0.960624071322437,0,37250,0.704545454545455,37.8,NA,NA,NA,NA,0,0,"2317889"
0,0,0,0,0.961432506887052,0,54306,0.577105014191107,26.3,NA,NA,NA,NA,0,0,"2317962"
0.0449651731216143,15958.8422035794,8120.88013422818,7837.96206935122,0.960624071322437,0,37250,0.704545454545455,37.8,NA,4.96,1886.5,2.33333333333333,0,0,"2318012"
0,0,0,0,0.9283313112874,0.00822280367103671,49624.8004752849,0.640555530191616,37.5812357118968,NA,NA,NA,NA,0,0,"2318051"
0.0149883817474823,7992.65850286183,6345.13387989195,1647.52462296988,0.980707395498392,0,59688,0.511210762331839,19.2,NA,8.225,NA,NA,0,0,"2318068"
0.0103765723827308,0,0,0,0.954022988505747,0,51250,0.584323040380047,34.6,NA,NA,NA,NA,0,0,"2318095"
0.0449651439442101,23538.4193632482,17877.5938411541,5660.82552209404,0.925595238095238,0.0109126984126984,49130,0.59304084720121,29.2,NA,3.86666666666667,904,1.5,0,0,"2318127"
0.0505857702141727,276000.120545209,163237.252274818,112762.868270392,0.993623384820769,0,135442.37308039,0.679662207797226,NA,NA,0.657,3315.6,2.7,0,0,"2318148"
0.0385415501685423,0,0,0,0.970072239422085,0,32750,0.707317073170732,NA,NA,NA,NA,NA,0,0,"2318258"
0.00642359465407817,0,0,0,0.92074698773165,0.0478098047703305,48246.0380231434,0.761436547164367,28.3744127791802,NA,NA,NA,NA,0,0,"2318304"
0.089930274546619,47008.7634287314,27407.477778589,19601.2856501424,0.963072378138848,0,50625,0.404761904761905,32.5,NA,5.39333333333333,1402.5,3.5,0,0,"2318318"
0.0359720999414746,236186.536600621,92494.0727363467,143692.463864274,1,0,47646,0.687,17.9,NA,2.676,5582.4,2.6,0,0,"2318422"
0,0,0,0,0.980707395498392,0,59688,0.511210762331839,19.2,NA,NA,NA,NA,0,0,"2318464"
0.0149883803192293,9910.94904667981,4392.74547008547,5518.20357659434,0.954128440366973,0.000834028356964137,51667,0.610404624277457,23.1,NA,7.4,NA,2,0,0,"2318522"
0.0149883834903783,0,0,0,0.965529932605384,0.00244436469549471,83239.3792130784,0.974660600454403,19.2,NA,NA,NA,NA,0,0,"2318544"
0.0899305001077793,11435.929377193,10128.3912777778,1307.53809941521,0.954128440366973,0.000834028356964137,51667,0.610404624277457,23.1,NA,4.37,NA,NA,0,0,"2318549"
0.0449652230132077,0,0,0,0.980707395498392,0,59688,0.511210762331839,19.2,NA,NA,NA,NA,0,0,"2318552"
0.00562064542880282,23549.248051317,18317.4344842266,5231.81356709041,0.980707395498392,0,59688,0.511210762331839,19.2,NA,1.296,NA,NA,0,0,"2318621"
0,0,0,0,0.980872226472839,0.00382555470543229,46667,0.64839094159714,29,NA,NA,NA,NA,0,0,"23187"
0,0,0,0,0.851250845165652,0.0669371196754564,52143,0.581162324649299,21.3,NA,NA,NA,NA,0,0,"231977"
0.134895285044386,250168.174595553,94692.8128903885,155475.361705165,1,0,67614,0.407590759075908,NA,NA,1.29333333333333,NA,NA,0,0,"232244"
0,0,0,0,0.92326139088729,0.00767386091127098,37005.5,0.75974025974026,40.45,NA,NA,NA,NA,0,0,"23275"
0,0,0,0,0.925595238095238,0.0109126984126984,49130,0.59304084720121,29.2,NA,NA,NA,NA,0,0,"23280"
0,0,0,0,0.925595238095238,0.0109126984126984,49130,0.59304084720121,29.2,NA,NA,NA,NA,0,0,"23354"
0.449650719815526,131290.632763642,76584.8339794084,54705.7987842332,0.982649842271293,0,66382,0.317164179104478,23.8,NA,1.88333333333333,NA,NA,0,1,"233645"
0,15834.119918784,4711.96619939644,11122.1537193875,0.964809469018946,0,59096.7448977002,0.58834674734756,34.4612086056782,NA,3.015,NA,NA,0,0,"233740"
0,0,0,0,0.954022988505747,0,51250,0.584323040380047,34.6,NA,NA,NA,NA,0,0,"23404"
0.0899304129629746,0,0,0,0.880540946656649,0,52394,0.518355359765051,29.4,NA,NA,NA,NA,0,1,"234091"
0.0899304253460609,30212.6177522047,8352.34007197374,21860.2776802309,0.992239467849224,0,75093,0.476858345021038,23,NA,1.7,NA,3,0,1,"234112"
0,0,0,0,0.925595238095238,0.0109126984126984,49130,0.59304084720121,29.2,NA,NA,NA,NA,0,0,"23452"
0,0,0,0,1,0,71563,0.460691823899371,15.7,NA,NA,NA,NA,0,1,"234528"
0,0,0,0,0.988831615120275,0,63942.5,0.61251372118551,28.4,NA,NA,NA,NA,0,0,"234988"
0.0899306330961074,120984.088375405,35411.3346634304,85572.7537119742,0.986500302023444,0,60823.4285900598,0.555206644878082,28.4,NA,1.635,6235,3.5,0,0,"234998"
0,0,0,0,0.92910447761194,0.00746268656716418,49773.5,0.656871218668971,40.1,NA,NA,NA,NA,0,0,"23519"
0.0449651604217358,0,0,0,0.925595238095238,0.0109126984126984,49130,0.59304084720121,29.2,NA,NA,NA,NA,0,0,"23543"
0.0449652022849232,0,0,0,0.996536796536796,0,72083,0.596678529062871,33.1,NA,NA,NA,NA,0,0,"235503"
0.0449651685106537,0,0,0,0.978886126182089,0.000477009334919669,58497.1739571894,0.42087109637615,25.6576210488765,NA,NA,NA,NA,0,0,"236099"
0,0,0,0,1,0,47646,0.687,17.9,NA,NA,NA,NA,0,0,"236137"
0,0,0,0,1,0,47646,0.687,17.9,NA,NA,NA,NA,0,0,"236172"
0,0,0,0,1,0,47646,0.687,17.9,NA,NA,NA,NA,0,0,"236247"
0,0,0,0,0.981501632208923,0,61875,0.415896487985213,27.3,NA,NA,NA,NA,0,0,"236340"
0.0449652437686799,0,0,0,0.971643035863219,0.0133444537114262,47969,0.633587786259542,39.7,NA,NA,NA,NA,0,0,"23664"
0.269791225815555,20215.2484817575,9603.81742513403,10611.4310566235,0.969357751148607,0,84030.1344725839,0.57005794562088,40.3534187588734,NA,1.21333333333333,636.666666666667,2.33333333333333,0,0,"236738"
0.0449649823248264,0,0,0,0.982242990654206,0,61875,1,19.2,NA,NA,NA,NA,0,0,"236906"
0,0,0,0,0.982242990654206,0,61875,1,19.2,NA,NA,NA,NA,0,0,"236949"
0,0,0,0,1,0,95893,0.664874551971326,NA,NA,NA,NA,NA,0,0,"236951"
0,0,0,0,0.993182361922367,0,89342.8947241937,0.627999008540805,27,NA,NA,NA,NA,0,0,"237029"
0,0,0,0,0.990222222222222,0,148653,0.909395973154362,NA,NA,NA,NA,NA,0,0,"237271"
0.0899300047482874,379394.29173522,291002.950055099,88391.341680121,0.999121265377856,0,75882,0.381654906991661,51,NA,1.49,5550,3.5,0,0,"237824"
0.899301961246775,1203605.18523,1038675.0545727,164930.130657292,1,0,59369,0.198099762470309,17.8,NA,0.1,3142.46666666667,3.4,0,0,"237964"
0,0,0,0,0.960624071322437,0,37250,0.704545454545455,37.8,NA,NA,NA,NA,0,0,"238347"
0,0,0,0,0.971406423685992,0.000519883205709245,60640.7195514123,0.514247649045791,23.1,NA,NA,NA,NA,0,0,"238377"
0.0224825902864095,0,0,0,0.971643035863219,0.0133444537114262,47969,0.633587786259542,39.7,NA,NA,NA,NA,0,0,"238380"
0,0,0,0,0.980707395498392,0,59688,0.511210762331839,19.2,NA,NA,NA,NA,0,0,"238535"
0.0674476495330055,0,0,0,0.851250845165652,0.0669371196754564,52143,0.581162324649299,21.3,NA,NA,NA,NA,0,0,"238616"
0,0,0,0,1,0,23274,0.851503759398496,25,NA,NA,NA,NA,0,0,"238641"
0.0224825542810201,0,0,0,0.960624071322437,0,37250,0.704545454545455,37.8,NA,NA,NA,NA,0,0,"238659"
0,0,0,0,0.968101730756838,0.000797411630383829,44360.196494619,0.631904731975717,33.4001878100945,NA,NA,NA,NA,0,0,"238700"
0.0449651927495813,0,0,0,0.930980392156863,0.0384313725490196,52598,0.617977528089888,39,NA,NA,NA,NA,0,0,"238951"
0,0,0,0,1,0,67614,0.407590759075908,NA,NA,NA,NA,NA,0,0,"239176"
0.0149883859430042,30313.0360971302,16675.207231788,13637.8288653421,0.851250845165652,0.0669371196754564,52143,0.581162324649299,21.3,NA,1,NA,NA,0,0,"239256"
0,0,0,0,0.980707395498392,0,59688,0.511210762331839,19.2,NA,NA,NA,NA,0,0,"239317"
0,0,0,0,0.960624071322437,0,37250,0.704545454545455,37.8,NA,NA,NA,NA,0,0,"23934"
0.0224825781947511,55551.5725669958,31643.6420153581,23907.9305516377,1,0,118160,0.424501424501425,NA,NA,1.78,3663,3,0,0,"239438"
0,0,0,0,0.980707395498392,0,59688,0.511210762331839,19.2,NA,NA,NA,NA,0,0,"23946"
0,0,0,0,1,0,40719,0.547868061142397,36.2,NA,NA,NA,NA,0,0,"239464"
0,0,0,0,0.960624071322437,0,37250,0.704545454545455,37.8,NA,NA,NA,NA,0,0,"23965"
0,0,0,0,0.960624071322437,0,37250,0.704545454545455,37.8,NA,NA,NA,NA,0,0,"239745"
0,0,0,0,0.925595238095238,0.0109126984126984,49130,0.59304084720121,29.2,NA,NA,NA,NA,0,0,"239855"
0.0513887607818009,0,0,0,0.952669449647214,0.00802928979199046,128375,0.891503607663572,23.4572541688032,NA,NA,NA,NA,0,0,"2410037"
0.0314756022631185,0,0,0,0.866272189349112,0.133727810650888,90625,0.730769230769231,NA,55000,NA,NA,NA,0,0,"2410542"
0.0211600700776906,0,0,0,0.510802755076978,0.350448895604215,87279.7015645018,0.929486453946544,NA,415000,NA,NA,NA,0,0,"2412164"
0.148385047792779,0,0,0,0.807692307692308,0.17420814479638,123144,0.734597156398104,20.6,892543.285714286,NA,NA,NA,0,0,"2412231"
0.0374709826945664,0,0,0,0.86583926741723,0.0675504608571051,113104.616588631,0.926583917818471,43.278446878797,711142.857142857,NA,NA,NA,0,0,"2412246"
0,0,0,0,0.921091702654847,0.0622735752021206,67058.9811621219,0.406389486790581,25.0890687487963,NA,NA,NA,NA,0,0,"2412824"
0.00116289160744737,0,0,0,0.94141689373297,0.0449591280653951,65962,0.512676056338028,NA,136666.666666667,NA,NA,NA,0,0,"2412854"
0.0224825240448708,0,0,0,0.908175355450237,0.0853080568720379,96765,0.690812720848057,33.5,NA,NA,NA,NA,0,0,"241309"
0.0021858062843482,0,0,0,0.964059196617336,0.0105708245243129,50288,0.46085409252669,NA,26000,NA,NA,NA,0,0,"2413918"
0.0254802526316601,0,0,0,0.94141689373297,0.0449591280653951,65962,0.512676056338028,NA,120250,NA,NA,NA,0,0,"2413949"
0,0,0,0,0.866834170854271,0.0954773869346734,86563,0.572390572390572,NA,NA,NA,NA,NA,0,0,"241446"
0,0,0,0,0.855708908406524,0.0602258469259724,80313,0.582037996545769,NA,NA,NA,NA,NA,0,0,"242215"
0,0,0,0,0.866272189349112,0.133727810650888,90625,0.730769230769231,NA,NA,NA,NA,NA,0,0,"242320"
0,0,0,0,0.898550724637681,0.0739893211289092,71484,0.760623229461756,30.8,NA,NA,NA,NA,0,0,"242523"
0.494616606241984,0,0,0,0.970936490850377,0,NA,0.644409937888199,NA,305040,NA,NA,NA,0,0,"242666"
0,0,0,0,0.797830374753452,0.145956607495069,77101,0.846153846153846,NA,NA,NA,NA,NA,0,0,"242684"
0,0,0,0,0.858839050131926,0.00659630606860158,128092,0.62208067940552,19.2,NA,NA,NA,NA,0,0,"243524"
0,0,0,0,0.952107279693487,0.0277777777777778,88500,0.60734149054505,27.8,NA,NA,NA,NA,0,0,"243587"
0,0,0,0,0.964059196617336,0.0105708245243129,50288,0.46085409252669,NA,NA,NA,NA,NA,0,0,"244098"
0,0,0,0,0.949753694581281,0,126838,0.847916666666667,NA,NA,NA,NA,NA,0,0,"244181"
0,0,0,0,0.95840554592721,0.0138648180242634,35385,0.572425828970332,51,NA,NA,NA,NA,0,1,"244661"
0,0,0,0,0.94141689373297,0.0449591280653951,65962,0.512676056338028,NA,NA,NA,NA,NA,0,0,"244829"
0.00449651595647536,0,0,0,NA,NA,NA,NA,NA,NA,NA,NA,NA,0,0,"245226"
0.0539582006009434,0,0,0,0.866834170854271,0.0954773869346734,86563,0.572390572390572,NA,411594.117647059,NA,NA,NA,0,0,"245961"
0.0149883893687437,0,0,0,0.758934372969461,0.0662768031189084,111914,0.987359550561798,37.5,NA,NA,NA,NA,0,0,"246488"
0.157378102146693,0,0,0,0.94141689373297,0.0449591280653951,65962,0.512676056338028,NA,392500,NA,NA,NA,0,0,"246565"
0,0,0,0,0.964059196617336,0.0105708245243129,50288,0.46085409252669,NA,NA,NA,NA,NA,0,0,"246837"
0,0,0,0,0.94141689373297,0.0449591280653951,65962,0.512676056338028,NA,NA,NA,NA,NA,0,0,"247303"
0.0128471849936536,0,0,0,0.964059196617336,0.0105708245243129,50288,0.46085409252669,NA,NA,NA,NA,NA,0,0,"249009"
0.13939201995405,0,0,0,0.956950013058541,0.00255306008249657,165114.780035611,0.844467158605555,NA,469392.857142857,NA,NA,NA,0,0,"249153"
0,0,0,0,0.964059196617336,0.0105708245243129,50288,0.46085409252669,NA,NA,NA,NA,NA,0,0,"249179"
0.0224825611772588,0,0,0,0.701513067400275,0.0504355800091701,108086,0.830667920978363,26.4,742508.214285714,NA,NA,NA,0,0,"249295"
0,0,0,0,0.877075564266806,0.0119730832723521,108893.668879435,0.907139440738664,31.1726730155335,NA,NA,NA,NA,0,0,"251392"
0.04842400498718,17888.2433776363,8667.24593739976,9220.99744023654,0.928560197305462,0.00401436990591098,104324.013355853,0.983814235174053,16.7180529091585,414485.428571429,2.395,3840,2.83333333333333,0,0,"251419"
0.36236633875043,954087.927330025,266875.527289513,687212.400040512,0.672725729698802,0.0575481204651658,82097.5894167716,0.950199815375142,35.3944001090315,453460,0.185420560747664,4108.48717948718,3.82781456953642,0,0,"251444"
0.249352260600576,434250.84362929,174548.030862964,259702.812766326,0.996458641958681,0.000627602131824553,90875.9112332471,0.945188264295158,36.2873962869986,276319.888888889,0.414285714285714,2061.06329113924,3.36585365853659,0,0,"251546"
0.00345885713877162,39655.4525000393,11166.507442108,28488.9450579313,0.791136357014505,0.0350962563389428,50955.0334239526,0.818762943844309,25.9644889416688,NA,0.93,3157,3.5,0,0,"251699"
0.664484804717671,1359594.61118007,436918.554434963,922676.056745109,0.60765810481005,0.00562999655416378,94982.5671846917,0.935718491827717,30.6011488313208,497079.191489362,0.129230769230769,2715.86754966887,3.01369863013699,0,0,"251743"
0.292273580885175,212516.861746727,106333.397034048,106183.464712679,0.65354886965833,0.0155675025912292,47409.3381520562,0.935308925249967,30.5940252866917,511560.631578947,0.7725,7996.39285714286,5.16666666666667,0,0,"251765"
0.305763348814837,719206.348304634,494153.110093445,225053.238211189,0.799331300187734,0.0706224619232054,132385.089816632,0.404716930904575,25.570386222259,1956980.41176471,1.20974358974359,3857.5652173913,3.42307692307692,0,1,"251900"
0.391002684943076,2508779.91623254,1312724.7412592,1196055.17497334,0.810077519379845,0.0852713178294574,111818,0.0566801619433198,NA,4960000,2.4,4866,3.5,0,1,"25203"
0.343067557893155,468667.441332933,239335.589464838,229331.851868095,0.690840625435343,0.103864298371116,80516.0024700882,0.965630392750154,33.944411541163,326681.2,0.171395348837209,1667.8,2.7,0,0,"252046"
0.109201111626929,104619.816807439,9641.69191972653,94978.1248877126,0.726810559259881,0.060778538319624,119151.419042952,0.893219509633736,27.7288507941416,781400,0.06,2780,3.25,0,0,"252113"
0.0224825794903209,63562.6612072138,57297.0038400196,6265.65736719421,1,0,NA,0.14863813229572,NA,NA,5.56,2286,2,0,0,"25337"
0.47962829592735,1760124.28984538,1257649.07448033,502475.215365044,0.995862068965517,0,110139,0.456944444444444,NA,1382142.85714286,0.706785714285714,4335.45833333333,4.08333333333333,0,0,"25712"
0.0584547060290194,195185.682654847,76005.4486896238,119180.233965223,0.813575863730439,0.0231837002144256,71003.8443381615,0.788729389951235,28.5017224231813,160000,0.661818181818182,32268,NA,0,0,"25880"
0.247308397886428,1469486.4090542,1032628.82577458,436857.583279613,0.92,0,90382,0.344551282051282,23,3600000,1.10285714285714,3064.375,3.25,0,1,"25922"
0.199131530582724,746837.920707204,555818.915723266,191019.004983938,0.810077519379845,0.0852713178294574,111818,0.0566801619433198,NA,4449285.71428571,2.09477272727273,4505.92307692308,4.15384615384615,0,1,"25980"
0,0,0,0,0.637362637362637,0.292582417582418,71705,0.973094170403587,44.6,NA,NA,NA,NA,0,0,"28275"
0,16.6658155701248,16.6658155701248,0,1,0,59980,0.521197007481297,NA,NA,NA,NA,NA,0,0,"28306"
0.989233239214017,136759.143810691,39399.4553937895,97359.6884169018,0.669279588252683,0.20942543308995,57364.0194356248,0.90171177921172,33.0762897554323,NA,2.8975,1822.70503597122,3.01043841336117,0,0,"28585"
0.0209837303873504,8453.52840853204,2444.87355511315,6008.65485341888,0.60452666326444,0.197527134060435,76049.9139014523,0.915722971820303,40.7507576759332,NA,8.01666666666667,3293.75,3.2,0,0,"28712"
0.161874547674112,136613.933078261,44476.8071582324,92137.1259200289,0.884738385852431,0.0816967908529253,94147.178421559,0.842772537344276,28.8080226852878,875000,4.75466666666667,3572.38260869565,3.23728813559322,0,0,"28738"
0.00151567935796601,168.580975390206,44.7286674012255,123.852307988981,0.821856065704035,0.0662637817972466,61855.9336585997,0.826638836281227,36.7,NA,NA,4714,3,0,0,"28743"
0.045740423503387,63326.9301431973,25788.9795927132,37537.9505504841,0.666470021867558,0.180158450698241,77222.0987606343,0.944670233246464,34.5376694409065,NA,2.51666666666667,3337.82,3.25,0,0,"28747"
0.149687867157954,0,0,0,0.981957452192412,0.000824545975296221,113937.772920026,0.51603740694647,33.6562208618196,456250,NA,NA,NA,0,0,"33525"
0.0227696765581465,0,0,0,0.944604587160188,0.000594913634667632,92986.6556726492,0.726021776269766,25.8329393561321,619720.571428571,NA,NA,NA,0,0,"33705"
0,0,0,0,0.910014513788099,0.00145137880986938,93750,0.530782029950083,NA,NA,NA,NA,NA,0,0,"341128"
0,0,0,0,0.915469146238377,0,157438,0.5,51,NA,NA,NA,NA,0,0,"341373"
0,0,0,0,0.945295404814004,0.00437636761487965,79750,0.735294117647059,30,NA,NA,NA,NA,0,0,"341657"
0.584546294442133,0,0,0,0.980009707286183,0.00264772088924729,45382.8043224805,0.24722502207587,39.7,156666.666666667,NA,NA,NA,0,0,"341899"
0.044965085716184,0,0,0,0.982178217821782,0.00198019801980198,100500,0.128731343283582,37.5,NA,NA,NA,NA,0,0,"341936"
0.292273193726471,0,0,0,0.977272727272727,0.00181818181818182,160625,0.388682055100521,24.3,1013457.14285714,NA,NA,NA,0,0,"342209"
0,0,0,0,0.966623876765083,0,76824,0.732824427480916,27.5,NA,NA,NA,NA,0,0,"342258"
0,0,0,0,0.91968085106383,0.0106382978723404,102500,0.921195652173913,39.7,NA,NA,NA,NA,0,0,"342376"
0,0,0,0,0.910014513788099,0.00145137880986938,93750,0.530782029950083,NA,NA,NA,NA,NA,0,0,"342769"
0,0,0,0,0.209068010075567,0.782535684298909,31222,0.811023622047244,49.3,NA,NA,NA,NA,0,0,"343354"
0,0,0,0,0.953125,0,57404,0.912559618441971,NA,NA,NA,NA,NA,0,0,"343390"
6.28387723954943,0,0,0,0.911138446977939,0,107768,0.288355980211421,39.4367586692864,752775.511811024,NA,NA,NA,0,0,"343433"
0.944267728436309,0,0,0,0.995841995841996,0.00415800415800416,136480,0.155248271527341,NA,2875441.17647059,NA,NA,NA,0,0,"344230"
0.539582246446415,0,0,0,0.855508336057535,0.0797646289637136,87673.5,0.853503184713376,44.1,410333.333333333,NA,NA,NA,0,0,"34451"
0,0,0,0,0.828937816599125,0.0748541772769448,76908.7218596671,0.733005022512461,30.5925176672849,NA,NA,NA,NA,0,0,"344975"
0,0,0,0,0.845138055222089,0.00840336134453781,102969,1,NA,NA,NA,NA,NA,0,0,"344976"
0.0449650856911099,0,0,0,0.66221142162819,0.216281895504253,42578,0.868378812199037,32.5,56500,NA,NA,NA,0,0,"345148"
0.224825323199688,0,0,0,1,0,80313,0.1162109375,NA,6e+05,NA,NA,NA,0,0,"345564"
0.0166537472126774,0,0,0,0.836294845985801,0.08894962125627,85833,0.864081301237484,51,280000,NA,NA,NA,0,0,"345810"
0.000633311980632494,0,0,0,0.956792856645174,0,67864.6561624423,0.776825970749778,33.0205275472583,NA,NA,NA,NA,0,0,"346099"
0.0224825797725095,0,0,0,0.915469146238377,0,157438,0.5,51,NA,NA,NA,NA,0,0,"346189"
0,0,0,0,0.798830409356725,0,117500,0.857901726427623,35.5,NA,NA,NA,NA,0,0,"346282"
0.0449652316940033,0,0,0,0.986125385405961,0,65040,0.827615780445969,43,NA,NA,NA,NA,0,0,"34639"
0.539581846322634,0,0,0,0.895765472312704,0,82559.5,0.174984596426371,NA,811000,NA,NA,NA,0,0,"346603"
0.00421548258001349,0,0,0,0.974471212816262,5.89420174773596e-05,87431.0498332665,0.952785000346699,48.9821393725577,365000,NA,NA,NA,0,0,"346608"
0,0,0,0,0.915469146238377,0,157438,0.5,51,NA,NA,NA,NA,0,0,"346745"
0.00364582297776691,0,0,0,0.84089981898119,0.00311574736101646,50567.8444847487,0.491704976151696,44.8462897936075,10750,NA,NA,NA,0,0,"346799"
0,0,0,0,0.870967741935484,0,81786,0.227659574468085,NA,NA,NA,NA,NA,0,0,"34688"
0.0726360381981277,0,0,0,0.822920748357124,0.063199916813807,63518.0441110614,0.346001802048975,25.1019189273152,442857.142857143,NA,NA,NA,0,0,"346932"
0,0,0,0,0.882315318196354,0,97627.5,0.870149253731343,35.5,NA,NA,NA,NA,0,0,"346999"
0,0,0,0,0.870967741935484,0,81786,0.227659574468085,NA,NA,NA,NA,NA,0,0,"347053"
0.121405826705714,0,0,0,0.891543813367481,0,61858.3101315862,0.285164941975336,NA,435800,NA,NA,NA,0,0,"347223"
0.168619352294397,0,0,0,0.906647562780632,0.000516161600159506,100548.732551135,0.704039299245893,27.6603863695661,468125,NA,NA,NA,0,0,"347244"
0.00458828026464096,0,0,0,0.871015203531143,0.0863168219715547,85150,0.647058823529412,51,275000,NA,NA,NA,0,0,"347254"
0.0163509736831671,0,0,0,0.670715414414962,0.21716344313445,46049.2526684299,0.844748099868675,34.1178397113292,NA,NA,NA,NA,0,0,"347430"
0,0,0,0,0.759048970901348,0.17068843151171,70000,0.940298507462687,26.65,NA,NA,NA,NA,0,0,"347537"
0,0,0,0,0.991337824831569,0,71250,0.8875,NA,NA,NA,NA,NA,0,0,"34902"
0.0505857832189369,0,0,0,1,0,150729,0.470383275261324,NA,NA,NA,NA,NA,0,0,"361032"
0.472134570942677,2434.98382376924,316.71735840723,2118.26646536201,0.92298582145016,0.00785121175815578,121468.607233816,0.867392661203962,29.6,NA,0.1725,NA,NA,0,0,"361391"
0.0899301555296916,3089.62398277205,540.99440019623,2548.62958257582,0.929936305732484,0,66680,0.154349859681946,NA,NA,0.6375,NA,NA,0,0,"36179"
0,0,0,0,NA,NA,NA,NA,NA,NA,NA,NA,NA,0,0,"361838"
0.0899303778408594,138412.843890334,111365.915509312,27046.9283810217,0.216012248550963,0.464029076346587,65135.930257374,0.903334933454264,37.1395900842065,222814.631578947,0.108131578947368,1781.5,0,0,0,"361922"
0.104918675539489,546870.301036531,377711.245056317,169159.055980213,0.942260970585822,0.0230956117656712,173057.891369068,0.0522270830407798,NA,NA,1.26181818181818,2767,4.25,0,0,"362162"
0.224825811486275,6770.03775624461,1950.52145420614,4819.51630203847,1,0,91678,0.596385542168675,NA,253375,1.9903125,NA,NA,0,0,"362813"
0.134895471390249,0,0,0,0.953195948305973,0.00593782745371987,113205,0.869883040935672,24.7,535500,5.04133333333333,2742.5,NA,0,0,"362835"
0.0786891302469845,417571.423534958,56871.0752673758,360700.348267583,0.683845543160969,0.243258666103938,12090.4754456326,1,28.4298313782586,NA,1.57033333333333,127281.666666667,0,0,0,"362936"
0.0112412925880178,468703.316907761,381887.97699966,86815.3399081008,0.651462994836489,0.234939759036145,12114,1,32.3,NA,12.12,2350,0,0,0,"363472"
0.0674477476476354,427.276976472307,414.710006576063,12.5669698962443,0.998241500586166,0.00175849941383353,113405,0.685406698564593,NA,NA,2.44,NA,NA,0,0,"36348"
0.696959497384929,1547920.61057872,983989.867331866,563930.743246854,0.943946955371963,0.0436484619284746,132500,0.0757403546723318,NA,2100000,1.19571428571429,1801.97,2.95959595959596,0,0,"363630"
0.380159997982374,1333293.01535269,952618.219501121,380674.795851567,0.927491417317692,0,183409,0.288066216688442,NA,2740937.5,0.57609756097561,2046.57894736842,3.05333333333333,0,0,"363863"
0.107916275206203,95.0251898481216,21.8355755395684,73.1896143085532,0.795456752648403,0.118154767284561,120775.842237622,0.690011482211228,40.2985442659702,25500,0.175714285714286,NA,NA,0,0,"363952"
0.0149883786227208,705653.029063801,587170.084226482,118482.944837319,0.884194053208138,0,94167,0.861538461538462,NA,NA,773.5,10250,0,0,0,"364128"
0,0,0,0,0.953195948305973,0.00593782745371987,113205,0.869883040935672,24.7,NA,NA,NA,NA,0,0,"36674"
0,0,0,0,0.694300518134715,0.0922279792746114,90250,0.966315789473684,51,NA,NA,NA,NA,0,0,"36867"
0.0899300983101802,0,0,0,0.242294753407569,0.647178316930538,37466.2696176719,0.908804962087093,34.4014963262809,NA,NA,NA,NA,0,0,"36880"
0.0449651032415972,0,0,0,0.907131011608624,0.00829187396351575,135344,0.697160883280757,51,NA,NA,NA,NA,0,0,"36885"
0,0,0,0,0.907131011608624,0.00829187396351575,135344,0.697160883280757,51,NA,NA,NA,NA,0,0,"36890"
0,0,0,0,0.673857208350087,0.194371553873191,23506.4990800784,0.977755703401543,33.1489756874168,NA,NA,NA,NA,0,0,"36932"
0,0,0,0,NA,NA,NA,NA,NA,NA,NA,NA,NA,0,1,"36943"
0.494617570130041,645118.001085878,349794.06595182,295323.935134058,0.930217461863031,0,104033,0.967281879194631,51,505799.96,0.318679012345679,2124.98717948718,0,0,1,"36960"
0.0190761274046266,171503.157043975,75891.6983979157,95611.4586460596,0.836626589435996,0.10860697547555,69669.8149233275,0.962652424085879,23.5,305006.876227898,0.214425901201602,2225.50877192982,2.90855457227139,0,0,"371393"
0.0966751055960582,86750.8923319233,41829.2967036457,44921.5956282776,0.968838648995223,0.0144417457333966,56754.1031118757,0.199572948042173,28.2770891609378,425312.5,0.270518518518519,2953,3.56818181818182,0,0,"371464"
0,0,0,0,0.97876213592233,0.00728155339805825,46042,0.774223894637817,38.1,NA,NA,NA,NA,0,0,"371521"
0.280728395995199,699340.183950857,410831.227461697,288508.95648916,0.932881773399015,0.0357142857142857,72500,0.227388715622342,40.5,464691.363636364,0.238394339622642,1771.91629955947,3.48230088495575,0,0,"371743"
0.00999225832100998,0,0,0,0.613406795224977,0.259871441689624,49447,0.794117647058823,31.5,NA,NA,NA,NA,0,0,"371861"
0.0499612705653605,525339.656785261,345651.989280973,179687.667504288,0.785051718762776,0.0164781850905303,48455.8099592392,0.475235670595379,38.5068766531726,775181.818181818,3.73605555555556,2365.09009009009,2.92592592592593,0,0,"372026"
0.276890655886176,527038.851961267,276316.674288638,250722.177672629,0.744401168451801,0.211295034079844,51779.5,0.657056145675266,32.15,882419.35483871,0.555493827160494,3100.80198019802,3.03658536585366,0,0,"372087"
0.0507299009192789,69662.0746483499,38292.6037712928,31369.4708770571,0.950230307670334,0.0245933776771545,79315.5387098612,0.541160962452771,39.1181662709114,493444.444444444,0.436863309352518,1992.57024793388,3.31967213114754,0,0,"372254"
0.00072524437640952,0,0,0,0.97876213592233,0.00728155339805825,46042,0.774223894637817,38.1,NA,NA,NA,NA,0,0,"372421"
0.312882484106026,351546.810193285,205058.463929502,146488.346263783,0.966820276497696,0.0165898617511521,48500,0.260204081632653,30,411399.4375,6.2843064516129,1995.12941176471,2.78313253012048,0,0,"372431"
0.288723625275993,273562.338976534,150292.795771669,123269.543204865,0.94387283867513,0.0189985608145538,64356.2620447876,0.28459692843871,32.8202519566397,314498.196850394,0.332053594771242,1644.21719457014,3.26051779935275,0,0,"372442"
1.27526164301146,843434.55919616,489204.55898602,354230.00021014,0.9358025415889,0.0317748436804936,72187.4977522188,0.239339197319846,39.9999688796884,394286.925304878,0.296657332350774,1814.44418238994,3.45228215767635,0,0,"372479"
0.040711690239125,13128.288333346,5034.17601743717,8094.11231590882,0.885003060064325,0.056940325444324,49137.8601812133,0.947125517621294,28.8579188900771,276518.518518519,3.25189189189189,3100.98360655738,3.33333333333333,0,0,"372554"
0.00334313383707419,214.219589426138,23.6536655009699,62.092143277951,0.71243438526009,0.225713000593501,45323.8855807018,0.764021931167488,28.6100923454818,8000,12.6106470588235,1524.1,3.09090909090909,0,0,"372564"
0.000762121270504904,0,0,0,0.545723448710823,0.411534366112137,48478.8236539413,0.722809635878576,15.4,NA,NA,NA,NA,0,0,"372726"
1.32004835098392,989375.240726175,349804.340784543,639570.899941632,0.967425714211259,0.0159455057406281,51128.1532195895,0.23763808366449,29.4514154224422,505670.083333333,0.269261589403973,1543.66259168704,2.32843137254902,0,0,"372741"
0.183457825717901,36402.8104639377,0,0,0.600946819447631,0.327111766531692,28171.729766443,0.709590886814717,30.8865606518701,450000,1.23666666666667,2212.5,2.94444444444444,0,0,"372761"
0.0107608907808498,246.20721956744,0,0,0.793286219081272,0.206713780918728,NA,0.589073634204275,NA,122500,18.6169230769231,678,3.4,0,0,"372800"
0.0361484537574561,71263.4886721894,28143.0537996172,43120.4348725722,0.911698662411745,0.0707802379594485,55057.5665848687,0.712994551724916,38.1,243666.666666667,1.70456626506024,2882.41666666667,3.05555555555556,0,0,"372809"
0,0,0,0,NA,NA,NA,NA,NA,NA,NA,NA,NA,0,0,"372845"
0.00416344012765442,889.542928342461,442.132093869104,447.410834473357,0.973292806614867,0.0148789555326375,47202.1936296739,0.71909526453417,42.5903983866766,198366.777777778,4.77227272727273,2914.76923076923,2.66666666666667,0,0,"372915"
0.00441622037834038,359.237196161747,288.881819259111,70.3553769026355,0.984200886651006,0.0054168388625122,46042,0.683578259015941,38.1,NA,118.8993,1870.33333333333,2.33333333333333,0,0,"372928"
0.00518828659872463,177.126168140957,0,0,0.322444678609062,0.600632244467861,NA,0.819241982507289,NA,85000,9.715,NA,2.77777777777778,0,0,"372931"
9.99225645066119e-05,17.6210078526221,0,0,0.793992054284376,0.20571707202099,44340.3532838073,0.590433782337305,34.7070680683237,NA,0.715,2240,3,0,0,"372945"
0,0,0,0,0.981156480390959,0.00646063529452841,46042,0.732202424880682,38.1,NA,NA,NA,NA,0,0,"372950"
0.00426393700313172,264.988218450488,0,0,0.543258426966292,0.414044943820225,48542,0.72289156626506,15.4,105100,13.0429411764706,1753,3,0,0,"372966"
0.010791635819138,2906.40527403602,0,0,0.974742750233863,0,46149,0.720670391061452,42.1,118989.12244898,5.70635172413793,4194.4,2.95294117647059,0,0,"373006"
0.0134895459872347,2094.73432341022,1231.9129867165,862.821336693721,0.835089583917151,0.162512398583352,31473.1782395176,0.502142631136497,30.8,99756.5,19.4418387096774,1660.84,2.58333333333333,0,0,"373025"
0,0,0,0,0.97876213592233,0.00728155339805825,46042,0.774223894637817,38.1,NA,NA,NA,NA,0,0,"37428"
0,0,0,0,0.851851851851852,0.0101010101010101,63889,0.948545861297539,19.1,NA,NA,NA,NA,0,0,"37672"
0.104918670742561,408640.698985495,177389.898324563,231250.800660931,0.928476064527169,0.0697579123747363,76622.9315111459,0.859335158523223,28.0713461204414,820557.142857143,0.633571428571429,6442,3.4,0,0,"44185"
0.0252928940990714,77171.3739369629,58369.637906557,18801.736030406,0.794086589229145,0.0327349524815206,105417,0.725834797891037,NA,420612.5,32.69625,4772.125,2.625,0,1,"44269"
0.382203725577404,676192.999569262,307772.665218665,368420.334350596,0.815183169468876,0.0377436449532609,83662.7223890022,0.885538654957825,24.3497080966982,437242.857142857,0.273,4916.13333333333,4.08888888888889,0,0,"44273"
0.359721552526144,7951402.9766223,952606.268147249,6998796.70847505,0.827831269559265,0.0588046591899242,52748.0787663076,0.697205121426055,25.3967235015744,1820000,0.846666666666667,2706.89814814815,1.54545454545455,0,0,"4437"
0.055184537316148,52998.4880481783,23545.0207554139,29453.4672927645,0.945208953937475,0.00340869838999423,62079.7066771616,0.928889642267365,26.8758147313521,555922.222222222,2.4225,5578.57142857143,3.64285714285714,0,0,"44487"
0.0449651450540683,0,0,0,0.832995951417004,0.167004048582996,59821,0.654402102496715,23.7,NA,NA,NA,NA,0,0,"4511315"
1.0341997742226,0,0,0,0.928748144482929,0.0306778822365166,65622,0.470683162990855,24.3,631890.041666667,4.324,1484.15476190476,2.8452380952381,0,0,"451224"
0.539582065037188,0,0,0,0.871978851963746,0.0483383685800604,50290.5,0.182389018691589,34.6,290240,3.06871428571429,849.604215456675,1.76415094339623,0,0,"45332"
0,44896.3115280067,0,0,0.96969696969697,0,120750,0.629888268156425,27.7,3317500,1.24,5351,6,0,0,"456766"
0.162227270322554,0,0,0,0.939922480620155,0.0348837209302326,NA,0.584134615384615,NA,NA,NA,NA,NA,0,0,"48115"
0.554070655243676,1860808.37534987,414692.550837451,1072329.89646222,0.847961745564634,0.0821037576712462,65998.0356030946,0.563512913020787,27.8361096029415,151487.625,0.268950560652396,2046.02698256005,4,0,0,"48125"
0.0961562458767532,278555.102525313,40022.388758075,195705.560368448,0.799105261841456,0.0608166580666163,57785.609978681,0.880206878271692,27.6871481661077,417000,1.63726180257511,4150.49248120301,2.4,0,0,"48145"
0.292273479199324,66850.3944370169,33101.7605669599,23151.9351553524,1,0,36150,0.459568733153639,NA,8381.2,1.38691288229842,967.755939524838,1.96969696969697,0,0,"4859"
0.151382699700505,117018.422636146,17583.6267954274,99434.7958407187,0.861096484008964,0.115736782776179,64688,0.643289218963025,51,NA,1.91395275590551,3563.32173913043,NA,0,0,"4881"
0.108276087961439,132620.031377004,89595.1982434303,43024.4318595323,0.707649439376156,0.0552309241985788,69607.125506726,0.777601214555111,21.0828553704316,35531.6666666667,34.7886073529412,4113.42998027613,2.94214876033058,0,0,"4883"
0.0713796548728126,51643.7622815121,10334.9140956181,41308.848185894,0.819950213747142,0.0654520391197478,111027.336042557,0.920292980852507,25.56265280811,174458,5.71227586206897,2808.72666666667,3.38666666666667,0,0,"4886"
0,0,0,0,0.723014256619145,0.276985743380855,32143,0.736711990111248,32.9,NA,NA,NA,NA,0,0,"5110332"
0.000150052053507258,49.9782957634598,25.5340054173077,24.444290346152,0.847325998585356,0.122429900591258,50255.7806282913,0.778266374729484,30.053070283529,NA,23.5635,NA,NA,0,0,"5110384"
0.00178602823396541,1179.72113537478,475.202684242161,704.51845113262,0.884642542998198,0.0915427270896771,93445.3892110077,0.964194821180895,13.9256901366459,135000,13.6598,2434.36363636364,3.2,0,0,"5110478"
0.0449651198517,157571.649555035,15081.4533517848,142490.19620325,0.938117182356814,0.0401579986833443,124567,1,18,NA,10.293,NA,NA,0,0,"511057"
0,0,0,0,0.88319770224988,0.077070368597415,111146,0.894160583941606,27.1,NA,NA,NA,NA,0,0,"513207"
0,0,0,0,1,0,75833,0.295454545454545,12.9,NA,NA,NA,NA,0,0,"514184"
0.247308400508726,934726.298819446,313868.749541081,620857.549278364,0.699641871197364,0.235043331433612,57914.0072421273,0.869034651413356,23.9442977409159,376606.25,1.12659090909091,4045.4,3.33333333333333,0,0,"514251"
0.959256822478775,924253.930070033,553470.811597619,370783.118472414,0.914630374265388,0.0572223940612434,101386,0.892344497607656,26.6,657250,0.304142857142857,1500.22807017544,2.66666666666667,0,0,"514717"
0.0549574191842307,6945.36084795419,3477.41104378947,3467.94980416473,0.964980544747082,0,85029,0.636363636363636,NA,447000,1.818,1471.1,NA,0,0,"516309"
0.0629512104543511,0,0,0,0.738142013272715,0.156756956940328,103997.091610917,0.962964095426161,26.6203585054005,NA,NA,NA,NA,0,0,"517600"
0.249556584740471,604462.376061688,262837.69737684,341624.678684848,0.816439050331232,0.0891878307616451,96924.789617657,0.921642900968435,28.8078997176817,253207.352941176,0.847821138211382,2497.86776859504,2.87837837837838,0,0,"518249"
0,0,0,0,0.524423337856174,0.355495251017639,71354,1,51,NA,NA,NA,NA,0,0,"519725"
0,0,0,0,0.425,0.240909090909091,NA,NA,NA,NA,NA,NA,NA,0,0,"519851"
0,0,0,0,1,0,71944,0.872527472527473,34.4,NA,NA,NA,NA,0,0,"94363"
0.0599536353800727,0,0,0,0.991739552964043,0,122010.5,0.684133915574964,36.35,NA,NA,NA,NA,0,0,"94367"
0.464639257909278,0,0,0,1,0,153486,0.548854961832061,33.8,254666.666666667,NA,NA,NA,0,0,"95093"
0,0,0,0,0.972405518896221,0,130625,0.906721536351166,NA,NA,NA,NA,NA,0,0,"99344"
0,0,0,0,0.935543278084715,0,42083,0.496168582375479,19.5,NA,NA,NA,NA,1,0,"A01"
0,5916.67373614809,2468.76615343494,3447.90758271315,0.935543278084715,0,42083,0.496168582375479,19.5,NA,10,NA,NA,1,0,"A01A"
0,0,0,0,0.925595238095238,0.0109126984126984,49130,0.59304084720121,29.2,NA,NA,NA,NA,1,0,"A03"
0.0191625449121602,11968.9411269686,10749.1652665892,1219.77586037936,0.925595238095238,0.0109126984126984,49130,0.59304084720121,29.2,NA,2.4,1114,2,1,0,"A03B"
0,0,0,0,0.976764199655766,0.00172117039586919,51471,0.568443051201672,29,NA,NA,NA,NA,1,0,"A03C"
0.00812797222656288,0,0,0,0.9936,0.0016,61875,0.379587155963303,45,NA,NA,NA,NA,1,1,"A05A"
0.0382789980769273,2335.3214039876,0,2335.3214039876,0.967041198501873,0,87440,0.543357199681782,38.3,NA,NA,915.5,2.5,1,0,"A05B"
0.0365498387359801,37708.1025669378,25825.1053491389,11882.997217799,0.95850622406639,0,118125,0.753653444676409,35.7,NA,3.3,950,3.33333333333333,1,1,"A05C"
0.00709324681252518,21477.234591479,18927.1500824756,2550.08450900333,0.943437273386512,0,123846,1,NA,NA,27.2,NA,NA,1,0,"A06"
0.00936544133329577,173599.971820405,158526.76161775,15073.2102026555,0.908614641703629,0,129911.81194737,0.757276758599764,30.3115892678372,NA,10.03375,5497.4,5,1,0,"A07"
0.0353527891969503,165072.261770744,140628.908398,24443.3533727432,0.970936524147705,0,96293.7007054783,0.638812483147185,44.3983102318491,NA,2.84714285714286,4230,4,1,0,"A08"
0,85177.9940424939,56035.828327149,29142.1657153448,1,0,92708,0.8997668997669,NA,NA,5.31375,4651.6,3.2,1,0,"A09"
0,0,0,0,0.973298880275625,0,129866,0.834470989761092,NA,NA,NA,NA,NA,1,0,"C00"
0,71058.8112236075,69380.2323649815,1678.57885862603,0.99973258225044,0,116320.213975513,0.750770999611871,51,NA,150.3,3913,NA,1,0,"C01"
0.0110399178762408,168968.576453932,167375.50135759,1593.07509634194,0.988749172733289,0,95875,0.674871794871795,36.5,NA,54.9,2304,NA,1,0,"C01A"
0.0159021583436489,0,0,0,0.921328671328671,0,91500,0.877483443708609,18.1,NA,NA,NA,NA,1,0,"C01B"
0,0,0,0,0.933242276250706,0,162818.808447259,0.958985413533126,NA,NA,NA,NA,NA,1,0,"C02"
0,0,0,0,0.852647009335943,0,131825.177254363,0.797742147084239,18.7,NA,NA,NA,NA,1,0,"C03"
0.00748101860733705,42491.7046486121,39512.8802978098,2978.82435080224,0.977724536704495,0,109481.415117506,0.585476396735101,NA,NA,40.5,744,NA,1,0,"C03A"
0.00544157848636522,31167.9004880205,25774.3053667999,5393.59512122063,0.926628950675628,0.0161341932642937,96774.367947862,0.814345669956389,46,910000,13.1171428571429,5057.33333333333,3.66666666666667,1,0,"C06"
0,355.702185668311,355.702185668311,0,1,0,97624.1655029532,0.505416011594506,NA,NA,0.88,NA,NA,1,0,"C08"
0.00187343165011168,3232.4682643914,2414.33521008948,818.133054301921,0.994849075635629,0.00445900915124676,94961.8514412014,0.530725771334474,18.3,115000,10.430625,1176.58333333333,1.83333333333333,1,0,"C09"
0.00118714357440374,13022.6158729777,6876.69176687145,6145.92410610621,1,0,106840.973666386,0.13343557372122,NA,2025000,2.615,3319.5,4.5,1,0,"C10"
0.00828166177029566,28486.4924990883,14468.2716637035,14018.2208353848,0.977374161556105,0.00226258384438953,105863.067918662,0.566534135592371,NA,758000,9.465,3549.83333333333,4,1,0,"C11"
0,0,0,0,0.948247078464107,0.0105731775180857,70069.5,0.403063457330416,NA,NA,NA,NA,NA,1,0,"C11A"
0,4104.91864910258,2900.60733881475,1204.31131028783,1,0,79167,0.198601398601399,NA,NA,2,540,2,1,0,"C12"
0.00722146782361938,108698.817103187,68007.4055013009,40691.4116018864,0.955701466257409,0.0145550988216266,42596.6681805969,0.383034115810349,48.1736650963781,2887190,2.62,7563.33333333333,4.66666666666667,1,0,"C13"
0,17221.2252625931,16771.7944606986,449.430801894497,0.83382762355278,0,82353.6560883441,0.447665634300894,24.4790704748688,4e+06,0.698,568,NA,1,0,"C14"
0.00304214771355764,14324.5381947001,12779.514330478,1545.02386422208,0.868449050585083,0.028982506656212,61610.5499828031,0.264042338939467,32,6566200,0.305,NA,NA,1,0,"C15"
0,0,0,0,0.925400409180726,0.0654560222413788,81875.6547361312,0.387106081247446,NA,NA,NA,NA,NA,1,0,"C16"
0,80897.9224780992,80776.5192285877,121.403249511565,0.995455495138333,0.00454450486166743,121789.69782923,0.181175211589963,NA,NA,2,NA,NA,1,0,"C17"
0,8047.99131993184,7997.52650333258,50.4648165992591,0.856410128070824,0.0226781818184988,90634.069090788,0.522664031016044,31.5,NA,19.7,NA,NA,1,0,"C18"
0,111990.218701368,85920.3079557704,26069.9107455975,0.969822924744411,0.000303214629457965,86866.9380179018,0.614617908911831,37.5880616892252,6500000,4.41,10455,4,1,0,"C18A"
0.00261274425273956,76799.2151620081,56654.5885495602,20144.6266124479,0.891996875817562,0,97896,0.634156603706981,35.5,NA,3.07,4041.75,3.75,1,0,"C19"
0.00115664079788623,9905.71538013485,7931.57979204313,1974.13558809172,0.918315230944309,0.0109441609908056,88381.1065015183,0.781382805754513,28.6937188595381,NA,6.27666666666667,4199,3,1,0,"C19A"
0.00218487640726273,20901.1679965426,15019.6058494457,5881.56214709691,0.883620689655172,0,109000,0.234042553191489,13.8,NA,15.72,7010,5,1,1,"C20"
0,324247.842451522,324247.842451522,0,0.859144857280223,0.0283790659794959,110616.63104174,0.120756985431134,13.8,NA,3.91666666666667,NA,NA,1,1,"C21"
0,0,0,0,0.894088669950739,0,111994,0.273381294964029,17.9,NA,NA,NA,NA,1,1,"C22"
0.00101664575482807,145618.511100901,105070.432302168,40548.0787987333,1,0,79760,0.164462809917355,NA,NA,8.01076923076923,6618,4.5,1,1,"C23"
0,0,0,0,1,0,79760,0.164462809917355,NA,NA,NA,NA,NA,1,1,"C24"
0,44941.0015158362,35117.123177981,9823.87833785523,0.93021949206097,0,67542.6567782954,0.179060740361871,NA,NA,0.25,NA,NA,1,1,"C26"
0.00690082547343738,72806.1423912385,56049.4649771993,16756.6774140392,1,0,121409,0.148555708390646,NA,2150000,5.9735,3771,3.4,1,1,"C27"
0,83285.9468432401,80526.9274984295,2759.01934481063,0.801836623456361,0.0189278944620146,72656.5024277789,0.27889538148064,34.3640495358179,4750000,5.12903225806452,788,2,1,1,"C28"
0.000489854369974557,19345.1160407435,15825.9184838785,3519.19755686497,0.802992518703242,0.0124688279301746,93026,0.343302990897269,26.2666666666667,NA,3.9,3316.33333333333,4.33333333333333,1,1,"C29"
0,381398.633599962,292955.232725848,88443.4008741145,0.775925925925926,0.0240740740740741,115417,0.271739130434783,NA,1122500,3.77,5161,4.25,1,1,"C29A"
0.00433813823724596,207991.197595882,157848.918296794,50142.279299088,0.900131406044678,0.0998685939553219,45607,0.420805998125586,NA,NA,2.71,5974,3,1,1,"C29B"
0.00631774660236066,0,0,0,1,0,69167,0.104265402843602,NA,NA,NA,NA,NA,1,1,"C31"
0,2123.05523599853,1760.45782971287,362.597406285659,0.992766726943942,0,NA,0.50709219858156,NA,NA,0.475,NA,NA,1,1,"C31A"
0.0134260924704085,20077.5484498106,11667.1435933385,8410.40485647209,0.975679945284046,0,83185.8606961106,0.976806658472045,40.5472451042417,250666.666666667,0.22,1333.4,1.75,1,0,"C31B"
0.0176270526615669,2767.8848941752,1809.81881002483,958.066084150364,0.896243291592129,0,110114,0.870656370656371,24.9,NA,1.23,1646,2,1,0,"C33"
0.0171467590989681,92681.0973570728,74275.8258390279,18405.2715180449,0.976804598947059,0.00492917807827185,95800.6560717427,0.702002294786326,28.3704200981293,222759.259259259,0.555247524752475,3490.91666666667,3.16666666666667,1,0,"C34"
0,0,0,0,0.943710910354413,0.00833912439193885,66094,0.941034897713598,41.9,NA,NA,NA,NA,1,0,"C34A"
0.0122365412181567,108016.488109117,91172.5455041874,16843.94260493,1,0,105500,0.521885521885522,31.7,1065000,0.828,4087.4,3.2,1,0,"C35"
0.00201068778465792,119216.120937966,87657.723476199,31558.3974617668,0.985434634243262,0.0103096739925987,122623.498649347,0.590509876881343,32.5865621422451,1981000,2.89907407407407,4168,3.46153846153846,1,0,"D01"
0.00516735169214548,29446.423946386,23784.9332551622,5661.49069122371,0.99580748021684,0.00419251978316023,160243.853097861,0.580365143891495,26.3,450000,0.627222222222222,1826.6,2,1,0,"D02"
0.000483851838508384,755.373978931804,315.362403745456,440.011575186348,0.992128487885958,0.00295181704276575,92343.5172913076,0.946555847536479,17.3,NA,4.16,1899,2,1,1,"D02B"
0,0,0,0,0.962785207930622,0.00700089709374605,108627.853001516,0.788275137511208,22.0095314718267,NA,NA,NA,NA,1,0,"D02C"
0.0261676623205611,52072.4526393911,36558.3471529418,15514.1054864494,0.987791779245097,0,99441.8261565167,0.329544602526107,20.7349443257308,2e+06,13.7133333333333,6300.5,4,1,0,"D03"
0.00776805065401168,83567.1125350792,59352.036043594,24215.0764914852,0.976356363860771,0,87931.6680404119,0.504842630282298,29.6940513226195,962000,1.3825,4378.33333333333,3.16666666666667,1,0,"D04"
0.00615323858999512,40969.6103428887,29914.1045892158,11055.5057536729,0.991200431769904,0,73896.4992214909,0.405821478776537,44.4038660391396,467588,1.22384615384615,3382.15384615385,2.69230769230769,1,0,"D05"
0.000591174327636447,2321.41931195435,2112.56921332033,208.85009863402,0.971852545250767,0.000569771348400006,89340.8697895472,0.328510726446031,29.1103517505868,NA,0.745,6448,NA,1,0,"D06"
0,353848.140706372,247060.183405553,106787.957300819,1,0,101375,0.282520325203252,36.8,6010000,2.18083333333333,5227,3,1,0,"D07"
0.000631196146870936,30345.6319176791,19376.7592299428,10968.8726877363,0.939140440210085,0.00663922470435432,72500,0.152339704766538,21.8,2426000,12.225,1700,2.5,1,1,"D09"
0,0,0,0,0.890148212728858,0.004359197907585,124125,0.649538866930171,45,NA,NA,NA,NA,1,0,"E01"
0,11940.7218970281,9422.24052162017,2518.48137540789,0.914125538723805,0.0746456592058826,114237.747043339,0.917966377358627,45.7113113653017,NA,2.13526315789474,5892,3,1,0,"E02"
0,43067.454710641,43067.454710641,0,0.892999200647994,0.0414218852095779,74991.0351780904,0.853933378136111,40.8741265009498,NA,14.5,NA,NA,1,0,"E03"
0.0224465155414347,458237.698774042,301380.523237613,156857.17553643,1,0,153486,0.548854961832061,33.8,1845000,1.22294117647059,5339.78571428571,3.93333333333333,1,0,"E03B"
0.00204551225838708,0,0,0,0.926940639269406,0.0045662100456621,79750,0.825185185185185,22.3,NA,NA,NA,NA,1,0,"E05"
0,0,0,0,0.993975903614458,0,151750,0.865384615384615,40.8,NA,NA,NA,NA,1,0,"E07"
0,0,0,0,0.836065573770492,0,46250,0.0451977401129944,NA,NA,NA,NA,NA,1,1,"F01"
0,0,0,0,0.897435897435897,0,124730,0.668435013262599,22,NA,NA,NA,NA,1,0,"F02"
0,66.0391441499589,9.10884746895985,56.930296680999,0.914754098360656,0.0153005464480874,250000,0.935211267605634,20,NA,2.06,NA,NA,1,0,"F04"
0,0,0,0,0.917128118487035,0.00801374632028908,215336.563430788,0.917274083631513,23.9421520618498,NA,NA,NA,NA,1,0,"F05"
0.00213643926940507,151629.286843939,97941.1859974101,53688.1008465289,0.947546531302876,0,124107,0.30327868852459,NA,NA,1.83766666666667,2988.2,3.2,1,0,"F06"
0.001710305057653,210.498325956476,183.39306206619,27.1052638902859,0.999483377103329,0,136250,0.452756536190475,NA,NA,51.86,NA,NA,1,0,"F08A"
0.00412565780380273,1563.58932796659,1186.34913915437,377.240188812222,0.820232896652111,0,109231,0.551020408163265,51,NA,1.33214285714286,NA,NA,1,0,"F08B"
0.000144969324619973,200.965978664557,152.479817765235,48.4861608993216,0.820232896652111,0,109231,0.551020408163265,51,NA,1.33214285714286,NA,NA,1,1,"F09"
0.0201526918393875,2508.41164749915,1198.73310354018,1309.67854395898,0.967741935483871,0,NA,0.0710659898477157,NA,NA,3.06225806451613,NA,NA,1,0,"F10"
0.0396898782515115,2437418.83209551,1751333.51922101,686085.312874502,0.851743264308195,0,249183.248323081,0.307917981885418,NA,4e+06,1.55087719298246,4504.93181818182,4.28888888888889,1,0,"F11"
0.0289060757063466,3026378.44098642,2620396.30948728,405982.131499135,0.960895274572746,0.039104725427254,183409,0.237807820792373,42.4,NA,3.63981132075472,7023.77777777778,6.59259259259259,1,0,"F12"
0.00351128725025939,105717.744761641,67992.8148951042,37724.9298665372,1,0,102500,0.554934823091248,NA,NA,4.383,6703,6.5,1,0,"F13"
0.0020188661084907,4719.83719098631,1644.14442059435,3075.69277039196,0.887964275648341,0.0717050985992804,84459.4010933715,0.406158524364055,20.8631533051708,577193.548387097,0.838903846153846,2458.03076923077,3.19607843137255,1,0,"H00"
0.63707314927415,166105.3183637,43425.1565952152,122680.161768485,0.885180240320427,0.0240320427236315,95536,0.21815107102593,45,1826161.80555556,0.246004716981132,3394.22857142857,4.77142857142857,1,0,"H01"
0.000367285489533536,0,0,0,0.622782446311858,0.228291316526611,43140,0.708860759493671,28.2,NA,NA,NA,NA,1,0,"K03"
0,0,0,0,0.712854757929883,0.287145242070117,44000,0.607198748043818,14.2,NA,NA,NA,NA,1,0,"K04"
0.0429294668528038,73773.5994382059,39908.9864832585,33864.6129549474,0.918727915194346,0.0671378091872792,65000,0.116570942352691,23.8,236087.321469575,0.832329733898959,2333.51379310345,4.10739030023095,1,1,"L01"
0.0392086941888717,11586.322049251,0,0,0.952149829264258,0.00381596035262902,53021.2167258778,0.479471979940813,40.9583883937684,195095,2.0102380952381,7361,5.06451612903226,1,1,"L03"
0.00184134152906712,0,0,0,0.96542752516445,0.000668407095614399,60885,0.193735437341654,30.5,NA,NA,NA,NA,1,0,"L05"
0.100864195286542,141428.611390246,16541.9821653245,124886.629224921,0.937606080168329,0.0030807506324072,69107.2924701759,0.26569002012172,31.0495878663294,217707.142857143,0.3745390625,3089,2.11411411411411,1,0,"L06"
0.000336737728254173,0,0,0,0.932959338081676,0.0356759307932276,73145.2433802524,0.227716137796114,40.5,NA,NA,NA,NA,1,0,"L07"
0.00325127664156949,21925.5228439087,14341.5662405759,7583.95660333279,0.956571428571429,0.024,178977,0.460122699386503,NA,5e+06,3.03525,8899.5,4.5,1,0,"L08"
0,131.813176949893,88.6686533103729,43.1445236395201,0.95662309343517,0.00897552177728292,126375,0.41124875069391,33.2025287549295,75000,123.673,NA,NA,1,0,"L09"
0,922.457867718671,583.375118715885,339.082749002786,0.795000210902134,0.144745322059559,49768.33914924,0.504131462616786,38.4157806886213,336250,1,2144,3,1,0,"M01"
0,922.457867718671,583.375118715885,339.082749002786,0.795000210902134,0.144745322059559,49768.33914924,0.504131462616786,38.4157806886213,336250,1,2144,3,1,0,"M01"
0,922.457867718671,583.375118715885,339.082749002786,0.795000210902134,0.144745322059559,49768.33914924,0.504131462616786,38.4157806886213,336250,1,2144,3,1,0,"M01"
0,922.457867718671,583.375118715885,339.082749002786,0.795000210902134,0.144745322059559,49768.33914924,0.504131462616786,38.4157806886213,336250,1,2144,3,1,0,"M01"
0.0814632592827416,27870.3803825531,19642.9398051624,8227.44057739071,1,0,86538,0.191176470588235,27,1761911.76470588,1,8408.79310344828,5.47058823529412,1,0,"M02"
0,0,0,0,0.994921406750299,0.00507859324970131,89358.6263275257,0.206832061302442,27,NA,NA,NA,NA,1,0,"M03"
0.0038273508382011,1411.700348668,601.130972920448,810.569375747554,0.969397828232971,0.0306021717670286,117188,0.397459165154265,NA,2460000,1.125,11636,5,1,0,"M04"
0,42.4422449245613,0,0,0.733550488599349,0.266449511400651,52108,1,NA,35000,4.61,3112,5,1,0,"M05"
0,0,0,0,0.875346857978278,0,106810.625476992,0.698598922804208,49.867356865638,NA,NA,NA,NA,1,0,"M06"
0.00102725985452483,506.460804111958,0,0,0.978371529050194,0.0178438765049554,212779.441868556,0.428192780071194,24.3488382869206,2500000,12.4033333333333,NA,NA,1,0,"M07"
0.0118008630633287,3132.68071624693,0,0,0.983572024747417,0.00993427212828214,109667.628308107,0.420164414634984,51,1568074.16666667,1.16176470588235,5161.33333333333,4.53333333333333,1,0,"M08"
0.0026255943010136,18507.023516635,7719.69182829504,10787.33168834,0.7126943660088,0.280155169302401,57580.4267370101,0.294933702467051,30.5500383099376,686740.066666667,3.075,5085.75,4.25,1,0,"M09"
0,0,0,0,0.365961199294533,0.634038800705467,36493,0.611175785797439,NA,NA,NA,NA,NA,1,0,"M10"
0.013928210974638,4938.62633807714,0,0,0.973458904109589,0,86444,0.318111852231914,35.6,376117.714285714,2.12090909090909,2157.95238095238,2.75609756097561,1,0,"M11"
0.00110676601711498,0.893325931693952,0,0,0.893488985884773,0.0886462704793451,73579.2716499953,0.356722157300282,35.6,NA,6.30971428571429,NA,NA,1,0,"M12"
0.0114812122912926,2572.71744099823,0,0,0.896890615072936,0.0137327233126337,134440.042806493,0.268509663698037,51,253164.741071429,2.53985119047619,3499.28846153846,2.65979381443299,1,0,"M13"
0,109.759459370204,109.759459370204,0,0.93465577482667,0.0446820306865772,120340.466813448,0.523260655736039,33.3943998764391,NA,977,NA,NA,1,0,"N01"
0.00745783175056286,0,0,0,0.899713467048711,0,137115,0.900552486187845,NA,NA,NA,NA,NA,1,0,"N01A"
0.000168154145403486,100.210398090894,100.210398090894,0,0.96699623400148,0.0201686695930958,116478.635133245,0.652262452049711,17.4953130989031,NA,79.572,NA,NA,1,0,"N03"
0.00294748646295882,72927.3460004467,16804.825218661,56122.5207817857,0.970824201228758,0.0171496775667785,90910.4215871617,0.548236774977605,33.3,NA,0.767666666666667,NA,NA,1,0,"N04"
0.000859716322999347,0,0,0,0.907082521117609,0.0402858999350227,86563,0.916802610114193,40.6,NA,NA,NA,NA,1,0,"N05"
0.000203501120972331,0,0,0,0.907082521117609,0.0402858999350227,86563,0.916802610114193,40.6,NA,NA,NA,NA,1,0,"N06"
0.000705731406538147,798.452460281715,0,0,0.728557301866989,0.199458911645075,101174.952378755,0.703171859245056,27.501415262243,545840,5.91023529411765,2259.64285714286,2.91666666666667,1,0,"P02"
0.0411635856556372,1251717.9385703,0,0,0.997829505120031,0,110489,0.755464844562978,27.5,804625,2.70512345679012,2553.32835820896,3.44761904761905,1,0,"P04A"
0,0,0,0,0.983239753660693,3.17972163640383e-05,90417.5967669613,0.727598674358836,40.8783171401799,110600,0.39,NA,NA,1,0,"P05"
0.0238035075188755,1111493.73675679,0,0,0.954393770856507,0.0155728587319244,NA,0.659649122807018,51,357940.740740741,0.7856463878327,5403.97345132743,3.45505617977528,1,0,"P05A"
0.0814762368005728,62877.2958039226,0,0,0.977127172918573,0,58702,0.673325499412456,12.5,330998.732394366,1.01566371681416,2367.03571428571,3.08108108108108,1,0,"P07"
0.0394515860999873,1234363.92891368,0,0,0.95050592914016,0,76708.0738976533,0.587996712161548,37.2014211487545,515426.315789474,1.45482142857143,1850.44058500914,2.49721706864564,1,0,"P08"
0.0748670556226317,123371.527309141,52457.3650748743,70914.1622342662,1,0,57756,0.786216596343179,31.1,494008.771929825,0.403098591549296,4259.25757575758,3.63934426229508,1,0,"P09A"
0.0106910134941647,310557.206035674,0,0,0.987341772151899,0.0126582278481013,198042,0.511363636363636,NA,1115000,3.11111111111111,4663,4,1,0,"P10"
0.0316303338024984,196923.035015418,0,0,0.971068465724863,0,101844.092715593,0.526709000174364,51,622108.38277512,1.19315495495495,2516.66666666667,2.71369294605809,1,0,"P10A"
0.00499990798913844,40323.6366668888,0,0,0.971436647391448,0.00293872277083017,74569.2675088839,0.366513287240224,38.7435822799197,589566.527950311,3.97946875,7742.88888888889,4.08333333333333,1,0,"P11"
0.00394312168879884,34109.0151907422,0,0,0.98133457769482,0,103060,0.753772835583797,32.3,NA,0.34,1546,2,1,0,"P12"
0.0294769862919949,423991.352438192,0,0,0.639150943396226,0.035377358490566,80469,0.595450852965069,32.9,734730.769230769,0.402041666666667,2022.4347826087,2.95,1,0,"P14A"
0,0,0,0,0.965800273597811,0,36979,0.542606516290727,NA,NA,NA,NA,NA,1,0,"P15"
0.00359706545368531,23735.1689954347,0,0,0.917808320259983,0.0021569060818374,86355.5056781835,0.587784780191347,24.6005058506349,616312.820512821,8.86688311688312,3408.70454545455,NA,1,0,"P16"
0.00109092228141992,523.396611797036,0,0,1,0,73750,0.199819168173599,NA,NA,91.0115,2042,NA,1,0,"P17"
0.0114828238066568,1214071.22754103,0,0,1,0,138026,0.242937853107345,NA,NA,17.919,3929,NA,1,0,"P17A"
0.0549039009022128,304354.258006703,0,0,0.851473077116357,0.081549117126835,NA,0.0629782286924696,22.7,1509250,0.71604,7994,4.36842105263158,1,1,"P18"
0.00839906970479895,113928.204515818,0,0,0.705882352941177,0.155080213903743,NA,0.0174858223062382,NA,453125,0.814126582278481,2635.11111111111,2.33333333333333,1,1,"P19"
0.0108374414189889,7260.49569053278,0,0,0.705882352941177,0.155080213903743,NA,0.0174858223062382,NA,247328.571428571,0.57917,1704.44444444444,1.89473684210526,1,1,"P20"
0.0704405537131011,367483.824456788,0,0,0.985974443913657,0,65896.6151570355,0.371757002840056,51,359092.754045307,0.75790243902439,2205.82410423453,2.2688679245283,1,0,"P21"
0.00883736535900751,109847.120368384,0,0,0.957523466644125,0,62471.9970875839,0.830255377639316,33.29107903875,725000,18.83875,5904.5,2,1,0,"P21A"
0.0170206504523225,227801.583311134,0,0,0.979306618718451,0.0170315012123237,116250,0.55554127865964,40.7,NA,7.40888888888889,13580.5,3.25,1,0,"P22"
0.0179263700823041,101033.593375507,0,0,0.979863990611328,0.000102543915671449,62561.2885143749,0.518408854034452,36.1930561568812,1130000,1.20491666666667,5989.75,3,1,0,"P23"
0,9795.87594371255,0,0,0.929327144687254,0.0135200244946122,132553.262317954,0.554121418888108,51,NA,1.5745,5964.66666666667,NA,1,1,"P24"
0,152585.010265921,0,0,0.97037037037037,0,83090.5,0.606358111266947,35.7,4460000,42.573,5278,NA,1,1,"P24A"
0.00159185020620924,3845.14556903375,0,0,1,0,58777.5380890288,0.392393754323501,NA,315833.333333333,0.6614,2284.2,3,1,0,"P27A"
0.0483118539585219,197880.729217053,0,0,0.98804780876494,0,98906,0.258236434108527,51,362598.928977273,1.12607024793388,3443.02222222222,3.14834673815907,1,1,"P30"
0.000876294239489121,4055.39940426584,0,0,0.718629343629344,0.159749034749035,66116,0.751277683134583,29.1,380893.75,2.46708163265306,NA,2,1,0,"P31"
0.0246339880305825,65261.9710713304,0,0,0.949448920900328,0.000938403739536925,93491.4978984958,0.406554116465931,32.3,381799.667953668,0.416835897435897,3645.85234899329,3.61870503597122,1,0,"P31A"
0.299699041577004,790276.29657083,0,0,0.893060534759474,0.0359926165930659,79321.5015884235,0.504457828322397,40.0281232001179,636871.330477356,0.58088326962658,4390.43849895761,3.53289473684211,1,0,"P32"
0.0596426289898905,21666.0388495231,0,0,0.992314522708377,0,55940.8526619684,0.187014967028197,32.1066175549756,132425,19.8444,7061.27166666667,2.68177697189483,1,1,"Q01"
9.69529743895164e-05,0,0,0,0.982994360644405,0.00135922983876261,69482.6471775526,0.367616873387543,19.1248614231576,NA,NA,NA,NA,1,1,"Q02"
0.00106384708583887,96.2860748628759,34.8126052905645,61.4734695723114,0.596399319146202,0.299658403992437,79010.9881115593,0.845747324062968,33.250149859361,5000,0.329666666666667,1382,NA,1,0,"R01A"
0,0,0,0,NA,NA,NA,NA,NA,NA,NA,NA,NA,1,0,"R02"
0,0,0,0,NA,NA,NA,NA,NA,NA,NA,NA,NA,1,1,"R03"
0,0,0,0,0.467368421052632,0.317894736842105,38839.5,0.688380281690141,NA,NA,NA,NA,NA,1,0,"S01"
0,0,0,0,0.281437125748503,0.552395209580838,31429,0.684410646387833,NA,NA,NA,NA,NA,1,0,"S01A"
0.00050349708737146,1.60062545784258,0,1.60062545784258,0.893240371372662,0.0143501646604746,NA,0.189906969171525,30.7,NA,1,1006,NA,1,1,"S03"
0.000243675251804319,0,0,0,0.764305177111717,0.032016348773842,60087,0.800751879699248,NA,NA,NA,NA,NA,1,1,"S04"
0.000173634112891307,0,0,0,0.960629921259842,0,49750,0.478688524590164,NA,NA,NA,NA,NA,1,1,"S06"
0.000415108038908082,0,0,0,0.85663082437276,0,NA,0.693396226415094,NA,NA,NA,NA,NA,1,0,"S07"
0,0,0,0,0.915437561455261,0.0491642084562439,35250,0.643322475570033,14.8,NA,NA,NA,NA,1,0,"S08"
9.64400465531689e-05,0,0,0,0.484536082474227,0.515463917525773,NA,0.528662420382166,NA,NA,NA,NA,NA,1,0,"S10"
0.000678892341492192,29.3916920972437,20.5102838913862,8.88140820585752,0.978991596638655,0,133056,0.595959595959596,NA,285000,52.3985333333333,4874,2.55555555555556,1,0,"S11"
0,0,0,0,0.860692771084337,0.0240963855421687,86750,0.870528109028961,19.8,NA,NA,NA,NA,1,0,"T01"
0,0,0,0,0.993769470404984,0,59853,0.6,NA,NA,NA,NA,NA,1,0,"T02A"
0.0169098488318252,39861.0907897504,18407.0117629483,20340.628913648,0.891488259354711,0.108511740645289,69356.5034143619,0.360230752771378,17.5,92260,5.76057030636292,2378.77188328912,3.45454545454545,1,1,"T03A"
0.00756365085103399,17592.7777523871,4963.76366426829,11184.0311816346,0.901538461538462,0.0123076923076923,70139,0.251509054325956,27.9,6000,3.3826,1938.75,NA,1,0,"T04"
0.00475536511591975,194343.34817905,1636.25374008878,192707.094438961,0.817550839892286,0.0538475932511095,41939.5508947076,0.724531025852677,33.0424192786956,NA,39.5863555555556,1654.88888888889,NA,1,0,"T05"
0.000494366774564025,0,0,0,0.666169895678092,0.285394932935917,21903,0.415904292751583,NA,NA,NA,NA,NA,1,0,"T06"
0.00130210702611661,0,0,0,0.952301913194693,0.00653280508091886,61246.8999419746,0.389706094131019,21.322263285738,NA,NA,NA,NA,1,1,"T07"
0.000324268386307238,2580.44700944325,2338.74559985569,241.701409587563,0.985283812193413,0,45054,0.392980041293875,NA,NA,3.19125,14508,NA,1,1,"T08"
0,0,0,0,0.881231711626567,0.00325447505983983,104150.808943471,0.621582189896372,28.5,NA,NA,NA,NA,1,1,"T10"
0,496.069198602432,128.396828766403,357.098159348191,0.853270844077824,0.0441291699803002,58075.1720979817,0.188612748179609,38.9492767470166,NA,0.0592432432432432,617.361111111111,1.4,1,1,"T11"
0.00191568077602195,0,0,0,0.903171953255426,0,NA,0.66,NA,NA,NA,NA,NA,1,1,"T12"
